NOM;ANNREF;GEOGRAPHIE;GEOGRAPHIE_LIB;N027;N027_LIB;N027_MOD;N613;N613_LIB;N613_MOD;VALEUR;QUALITE
W0021;1998;24;24 - Dordogne;Groupe d'indicateurs;Surface;050.10;Occupation du territoire;Tous sols;1;922527;OUI
W0021;1998;NR53;53 - Bretagne;Groupe d'indicateurs;Surface;050.10;Occupation du territoire;Tous sols;1;2750641;OUI
W0021;1998;01;01 - Ain;Groupe d'indicateurs;Surface;050.10;Occupation du territoire;Tous sols;1;578505;OUI
W0021;1998;45;45 - Loiret;Groupe d'indicateurs;Surface;050.10;Occupation du territoire;Tous sols;1;681318;OUI
W0021;1998;02;02 - Aisne;Groupe d'indicateurs;Surface;050.10;Occupation du territoire;Tous sols;1;741954;OUI
W0021;1998;25;70 - Haute-Saône;Groupe d'indicateurs;Surface;050.10;Occupation du territoire;Tous sols;1;525901;OUI
W0021;1998;90;90 - Territoire-de-Belfort;Groupe d'indicateurs;Surface;050.10;Occupation du territoire;Tous sols;1;61062;OUI
W0021;1998;68;68 - Haut-Rhin;Groupe d'indicateurs;Surface;050.10;Occupation du territoire;Tous sols;1;353293;OUI
W0021;1998;03;03 - Allier;Groupe d'indicateurs;Surface;050.10;Occupation du territoire;Tous sols;1;737776;OUI
W0021;1998;46;46 - Lot;Groupe d'indicateurs;Surface;050.10;Occupation du territoire;Tous sols;1;522505;OUI
W0021;1998;27;27 - Eure;Groupe d'indicateurs;Surface;050.10;Occupation du territoire;Tous sols;1;602963;OUI
W0021;1998;04;04 - Alpes-de-Haute-Provence;Groupe d'indicateurs;Surface;050.10;Occupation du territoire;Tous sols;1;695851;OUI
W0021;1998;95;95 - Val-d'Oise;Groupe d'indicateurs;Surface;050.10;Occupation du territoire;Tous sols;1;125263;OUI
W0021;1998;47;47 - Lot-et-Garonne;Groupe d'indicateurs;Surface;050.10;Occupation du territoire;Tous sols;1;538457;OUI
W0021;1998;28;28 - Eure-et-Loir;Groupe d'indicateurs;Surface;050.10;Occupation du territoire;Tous sols;1;593186;OUI
W0021;1998;33;33 - Gironde;Groupe d'indicateurs;Surface;050.10;Occupation du territoire;Tous sols;1;1020177;OUI
W0021;1998;05;05 - Hautes-Alpes;Groupe d'indicateurs;Surface;050.10;Occupation du territoire;Tous sols;1;568987;OUI
W0021;1998;71;39 - Jura;Groupe d'indicateurs;Surface;050.10;Occupation du territoire;Tous sols;1;861414;OUI
W0021;1998;06;06 - Alpes-Maritimes;Groupe d'indicateurs;Surface;050.10;Occupation du territoire;Tous sols;1;429256;OUI
W0021;1998;13;13 - Bouches-du-Rhône;Groupe d'indicateurs;Surface;050.10;Occupation du territoire;Tous sols;1;525540;OUI
W0021;1998;29;29 - Finistère;Groupe d'indicateurs;Surface;050.10;Occupation du territoire;Tous sols;1;678680;OUI
W0021;1998;50;50 - Manche;Groupe d'indicateurs;Surface;050.10;Occupation du territoire;Tous sols;1;599143;OUI
W0021;1998;2A;2A - Corse-du-Sud;Groupe d'indicateurs;Surface;050.10;Occupation du territoire;Tous sols;1;402843;OUI
W0021;1998;07;07 - Ardèche;Groupe d'indicateurs;Surface;050.10;Occupation du territoire;Tous sols;1;556545;OUI
W0021;1998;51;51 - Marne;Groupe d'indicateurs;Surface;050.10;Occupation du territoire;Tous sols;1;819583;OUI
W0021;1998;2B;2B - Haute-Corse;Groupe d'indicateurs;Surface;050.10;Occupation du territoire;Tous sols;1;468826;OUI
W0021;1998;73;73 - Savoie;Groupe d'indicateurs;Surface;050.10;Occupation du territoire;Tous sols;1;627046;OUI
W0021;1998;08;08 - Ardennes;Groupe d'indicateurs;Surface;050.10;Occupation du territoire;Tous sols;1;524613;OUI
W0021;1998;16;16 - Charente;Groupe d'indicateurs;Surface;050.10;Occupation du territoire;Tous sols;1;597437;OUI
W0021;1998;30;30 - Gard;Groupe d'indicateurs;Surface;050.10;Occupation du territoire;Tous sols;1;587254;OUI
W0021;1998;59;59 - Nord;Groupe d'indicateurs;Surface;050.10;Occupation du territoire;Tous sols;1;574446;OUI
W0021;1998;55;55 - Meuse;Groupe d'indicateurs;Surface;050.10;Occupation du territoire;Tous sols;1;621319;OUI
W0021;1998;09;09 - Ariège;Groupe d'indicateurs;Surface;050.10;Occupation du territoire;Tous sols;1;490963;OUI
W0021;1998;10;10 - Aube;Groupe d'indicateurs;Surface;050.10;Occupation du territoire;Tous sols;1;602766;OUI
W0021;1998;53;53 - Mayenne;Groupe d'indicateurs;Surface;050.10;Occupation du territoire;Tous sols;1;521344;OUI
W0021;1998;31;31 - Haute-Garonne;Groupe d'indicateurs;Surface;050.10;Occupation du territoire;Tous sols;1;635742;OUI
W0021;1998;54;54 - Meurthe-et-Moselle;Groupe d'indicateurs;Surface;050.10;Occupation du territoire;Tous sols;1;530577;OUI
W0021;1998;91;91 - Essonne;Groupe d'indicateurs;Surface;050.10;Occupation du territoire;Tous sols;1;181952;OUI
W0021;1998;11;11 - Aude;Groupe d'indicateurs;Surface;050.10;Occupation du territoire;Tous sols;1;634432;OUI
W0021;1998;32;32 - Gers;Groupe d'indicateurs;Surface;050.10;Occupation du territoire;Tous sols;1;630081;OUI
W0021;1998;40;40 - Landes;Groupe d'indicateurs;Surface;050.10;Occupation du territoire;Tous sols;1;934691;OUI
W0021;1998;77;77 - Seine-et-Marne;Groupe d'indicateurs;Surface;050.10;Occupation du territoire;Tous sols;1;592827;OUI
W0021;1998;12;12 - Aveyron;Groupe d'indicateurs;Surface;050.10;Occupation du territoire;Tous sols;1;877131;OUI
W0021;1998;78;78 - Yvelines;Groupe d'indicateurs;Surface;050.10;Occupation du territoire;Tous sols;1;230695;OUI
W0021;1998;15;15 - Cantal;Groupe d'indicateurs;Surface;050.10;Occupation du territoire;Tous sols;1;577757;OUI
W0021;1998;56;56 - Morbihan;Groupe d'indicateurs;Surface;050.10;Occupation du territoire;Tous sols;1;687135;OUI
W0021;1998;48;48 - Lozère;Groupe d'indicateurs;Surface;050.10;Occupation du territoire;Tous sols;1;517650;OUI
W0021;1998;41;41 - Loir-et-Cher;Groupe d'indicateurs;Surface;050.10;Occupation du territoire;Tous sols;1;642342;OUI
W0021;1998;34;34 - Hérault;Groupe d'indicateurs;Surface;050.10;Occupation du territoire;Tous sols;1;622664;OUI
W0021;1998;14;14 - Calvados;Groupe d'indicateurs;Surface;050.10;Occupation du territoire;Tous sols;1;560443;OUI
W0021;1998;37;37 - Indre-et-Loire;Groupe d'indicateurs;Surface;050.10;Occupation du territoire;Tous sols;1;615388;OUI
W0021;1998;35;35 - Ille-et-Vilaine;Groupe d'indicateurs;Surface;050.10;Occupation du territoire;Tous sols;1;685222;OUI
W0021;1998;79;79 - Deux-Sèvres;Groupe d'indicateurs;Surface;050.10;Occupation du territoire;Tous sols;1;603695;OUI
W0021;1998;36;36 - Indre;Groupe d'indicateurs;Surface;050.10;Occupation du territoire;Tous sols;1;690312;OUI
W0021;1998;17;17 - Charente-Maritime;Groupe d'indicateurs;Surface;050.10;Occupation du territoire;Tous sols;1;689285;OUI
W0021;1998;66;66 - Pyrénées-Orientales;Groupe d'indicateurs;Surface;050.10;Occupation du territoire;Tous sols;1;414119;OUI
W0021;1998;NR84;84 - Auvergne-Rhône-Alpes;Groupe d'indicateurs;Surface;050.10;Occupation du territoire;Tous sols;1;7113595;OUI
W0021;1998;44;44 - Loire-Atlantique;Groupe d'indicateurs;Surface;050.10;Occupation du territoire;Tous sols;1;695651;OUI
W0021;1998;39;71 - Saône-et-Loire;Groupe d'indicateurs;Surface;050.10;Occupation du territoire;Tous sols;1;504870;OUI
W0021;1998;82;82 - Tarn-et-Garonne;Groupe d'indicateurs;Surface;050.10;Occupation du territoire;Tous sols;1;373110;OUI
W0021;1998;52;52 - Haute-Marne;Groupe d'indicateurs;Surface;050.10;Occupation du territoire;Tous sols;1;625026;OUI
W0021;1998;60;60 - Oise;Groupe d'indicateurs;Surface;050.10;Occupation du territoire;Tous sols;1;589025;OUI
W0021;1998;63;63 - Puy-de-Dôme;Groupe d'indicateurs;Surface;050.10;Occupation du territoire;Tous sols;1;801184;OUI
W0021;1998;26;26 - Drôme;Groupe d'indicateurs;Surface;050.10;Occupation du territoire;Tous sols;1;656009;OUI
W0021;1998;83;83 - Var;Groupe d'indicateurs;Surface;050.10;Occupation du territoire;Tous sols;1;603253;OUI
W0021;1998;61;61 - Orne;Groupe d'indicateurs;Surface;050.10;Occupation du territoire;Tous sols;1;614374;OUI
W0021;1998;18;18 - Cher;Groupe d'indicateurs;Surface;050.10;Occupation du territoire;Tous sols;1;731010;OUI
W0021;1998;62;62 - Pas-de-Calais;Groupe d'indicateurs;Surface;050.10;Occupation du territoire;Tous sols;1;670649;OUI
W0021;1998;19;19 - Corrèze;Groupe d'indicateurs;Surface;050.10;Occupation du territoire;Tous sols;1;589908;OUI
W0021;1998;NR28;28 - Normandie;Groupe d'indicateurs;Surface;050.10;Occupation du territoire;Tous sols;1;3007314;OUI
W0021;1998;43;43 - Haute-Loire;Groupe d'indicateurs;Surface;050.10;Occupation du territoire;Tous sols;1;500189;OUI
W0021;1998;21;21 - Côte-d'Or;Groupe d'indicateurs;Surface;050.10;Occupation du territoire;Tous sols;1;880362;OUI
W0021;1998;81;81 - Tarn;Groupe d'indicateurs;Surface;050.10;Occupation du territoire;Tous sols;1;578089;OUI
W0021;1998;64;64 - Pyrénées-Atlantiques;Groupe d'indicateurs;Surface;050.10;Occupation du territoire;Tous sols;1;767581;OUI
W0021;1998;22;22 - Côtes-d'Armor;Groupe d'indicateurs;Surface;050.10;Occupation du territoire;Tous sols;1;699604;OUI
W0021;1998;NR75;75 - Nouvelle-Aquitaine;Groupe d'indicateurs;Surface;050.10;Occupation du territoire;Tous sols;1;8483865;OUI
W0021;1998;57;57 - Moselle;Groupe d'indicateurs;Surface;050.10;Occupation du territoire;Tous sols;1;625104;OUI
W0021;1998;42;42 - Loire;Groupe d'indicateurs;Surface;050.10;Occupation du territoire;Tous sols;1;480559;OUI
W0021;1998;89;58 - Nièvre;Groupe d'indicateurs;Surface;050.10;Occupation du territoire;Tous sols;1;746183;OUI
W0021;1998;87;87 - Haute-Vienne;Groupe d'indicateurs;Surface;050.10;Occupation du territoire;Tous sols;1;555831;OUI
W0021;1998;75;75 - Ville de Paris;Groupe d'indicateurs;Surface;050.10;Occupation du territoire;Tous sols;1;76262;OUI
W0021;1998;85;85 - Vendée;Groupe d'indicateurs;Surface;050.10;Occupation du territoire;Tous sols;1;675651;OUI
W0021;1998;23;23 - Creuse;Groupe d'indicateurs;Surface;050.10;Occupation du territoire;Tous sols;1;560102;OUI
W0021;1998;69;69 - Rhône;Groupe d'indicateurs;Surface;050.10;Occupation du territoire;Tous sols;1;325940;OUI
W0021;1998;76;76 - Seine-Maritime;Groupe d'indicateurs;Surface;050.10;Occupation du territoire;Tous sols;1;630391;OUI
W0021;1998;84;84 - Vaucluse;Groupe d'indicateurs;Surface;050.10;Occupation du territoire;Tous sols;1;357471;OUI
W0021;1998;65;65 - Hautes-Pyrénées;Groupe d'indicateurs;Surface;050.10;Occupation du territoire;Tous sols;1;452088;OUI
W0021;1998;METRO;FR métro - France métropolitaine;Groupe d'indicateurs;Surface;050.10;Occupation du territoire;Tous sols;1;54919252;OUI
W0021;1998;NR11;11 - Île-de-France;Groupe d'indicateurs;Surface;050.10;Occupation du territoire;Tous sols;1;1206999;OUI
W0021;1998;NR24;24 - Centre-Val de Loire;Groupe d'indicateurs;Surface;050.10;Occupation du territoire;Tous sols;1;3953556;OUI
W0021;1998;NR32;32 - Hauts-de-France;Groupe d'indicateurs;Surface;050.10;Occupation du territoire;Tous sols;1;3196864;OUI
W0021;1998;67;67 - Bas-Rhin;Groupe d'indicateurs;Surface;050.10;Occupation du territoire;Tous sols;1;479893;OUI
W0021;1998;FR;FR - France entière;Groupe d'indicateurs;Surface;050.10;Occupation du territoire;Tous sols;1;-2;OUI
W0021;1998;70;89 - Yonne;Groupe d'indicateurs;Surface;050.10;Occupation du territoire;Tous sols;1;539006;OUI
W0021;1998;NR44;44 - Grand Est;Groupe d'indicateurs;Surface;050.10;Occupation du territoire;Tous sols;1;5772099;OUI
W0021;1998;86;86 - Vienne;Groupe d'indicateurs;Surface;050.10;Occupation du territoire;Tous sols;1;704174;OUI
W0021;1998;NR94;94 - Corse;Groupe d'indicateurs;Surface;050.10;Occupation du territoire;Tous sols;1;871669;OUI
W0021;1998;NR27;27 - Bourgogne-Franche-Comté;Groupe d'indicateurs;Surface;050.10;Occupation du territoire;Tous sols;1;4806078;OUI
W0021;1998;NR52;52 - Pays de la Loire;Groupe d'indicateurs;Surface;050.10;Occupation du territoire;Tous sols;1;3240386;OUI
W0021;1998;49;49 - Maine-et-Loire;Groupe d'indicateurs;Surface;050.10;Occupation du territoire;Tous sols;1;723272;OUI
W0021;1998;38;38 - Isère;Groupe d'indicateurs;Surface;050.10;Occupation du territoire;Tous sols;1;788213;OUI
W0021;1998;74;74 - Haute-Savoie;Groupe d'indicateurs;Surface;050.10;Occupation du territoire;Tous sols;1;483872;OUI
W0021;1998;58;25 - Doubs;Groupe d'indicateurs;Surface;050.10;Occupation du territoire;Tous sols;1;687280;OUI
W0021;1998;NR93;93 - Provence-Alpes-Côte d'Azur;Groupe d'indicateurs;Surface;050.10;Occupation du territoire;Tous sols;1;3180358;OUI
W0021;1998;NR76;76 - Occitanie;Groupe d'indicateurs;Surface;050.10;Occupation du territoire;Tous sols;1;7335828;OUI
W0021;1998;88;88 - Vosges;Groupe d'indicateurs;Surface;050.10;Occupation du territoire;Tous sols;1;589925;OUI
W0021;1998;80;80 - Somme;Groupe d'indicateurs;Surface;050.10;Occupation du territoire;Tous sols;1;620790;OUI
W0021;1998;72;72 - Sarthe;Groupe d'indicateurs;Surface;050.10;Occupation du territoire;Tous sols;1;624468;OUI
W0021;1998;33;33 - Gironde;Groupe d'indicateurs;Surface;050.10;Occupation du territoire;Sols artificiels;1.1;103975;OUI
W0021;1998;09;09 - Ariège;Groupe d'indicateurs;Surface;050.10;Occupation du territoire;Sols artificiels;1.1;15592;OUI
W0021;1998;46;46 - Lot;Groupe d'indicateurs;Surface;050.10;Occupation du territoire;Sols artificiels;1.1;27984;OUI
W0021;1998;03;03 - Allier;Groupe d'indicateurs;Surface;050.10;Occupation du territoire;Sols artificiels;1.1;47958;OUI
W0021;1998;61;61 - Orne;Groupe d'indicateurs;Surface;050.10;Occupation du territoire;Sols artificiels;1.1;36780;OUI
W0021;1998;52;52 - Haute-Marne;Groupe d'indicateurs;Surface;050.10;Occupation du territoire;Sols artificiels;1.1;22630;OUI
W0021;1998;16;16 - Charente;Groupe d'indicateurs;Surface;050.10;Occupation du territoire;Sols artificiels;1.1;39402;OUI
W0021;1998;71;39 - Jura;Groupe d'indicateurs;Surface;050.10;Occupation du territoire;Sols artificiels;1.1;55965;OUI
W0021;1998;06;06 - Alpes-Maritimes;Groupe d'indicateurs;Surface;050.10;Occupation du territoire;Sols artificiels;1.1;30472;OUI
W0021;1998;2B;2B - Haute-Corse;Groupe d'indicateurs;Surface;050.10;Occupation du territoire;Sols artificiels;1.1;5673;OUI
W0021;1998;FR;FR - France entière;Groupe d'indicateurs;Surface;050.10;Occupation du territoire;Sols artificiels;1.1;-2;OUI
W0021;1998;22;22 - Côtes-d'Armor;Groupe d'indicateurs;Surface;050.10;Occupation du territoire;Sols artificiels;1.1;55887;OUI
W0021;1998;NR11;11 - Île-de-France;Groupe d'indicateurs;Surface;050.10;Occupation du territoire;Sols artificiels;1.1;225475;OUI
W0021;1998;10;10 - Aube;Groupe d'indicateurs;Surface;050.10;Occupation du territoire;Sols artificiels;1.1;29680;OUI
W0021;1998;17;17 - Charente-Maritime;Groupe d'indicateurs;Surface;050.10;Occupation du territoire;Sols artificiels;1.1;63729;OUI
W0021;1998;15;15 - Cantal;Groupe d'indicateurs;Surface;050.10;Occupation du territoire;Sols artificiels;1.1;21713;OUI
W0021;1998;08;08 - Ardennes;Groupe d'indicateurs;Surface;050.10;Occupation du territoire;Sols artificiels;1.1;23312;OUI
W0021;1998;32;32 - Gers;Groupe d'indicateurs;Surface;050.10;Occupation du territoire;Sols artificiels;1.1;33528;OUI
W0021;1998;83;83 - Var;Groupe d'indicateurs;Surface;050.10;Occupation du territoire;Sols artificiels;1.1;37217;OUI
W0021;1998;75;75 - Ville de Paris;Groupe d'indicateurs;Surface;050.10;Occupation du territoire;Sols artificiels;1.1;56695;OUI
W0021;1998;NR94;94 - Corse;Groupe d'indicateurs;Surface;050.10;Occupation du territoire;Sols artificiels;1.1;15352;OUI
W0021;1998;64;64 - Pyrénées-Atlantiques;Groupe d'indicateurs;Surface;050.10;Occupation du territoire;Sols artificiels;1.1;44010;OUI
W0021;1998;13;13 - Bouches-du-Rhône;Groupe d'indicateurs;Surface;050.10;Occupation du territoire;Sols artificiels;1.1;65738;OUI
W0021;1998;35;35 - Ille-et-Vilaine;Groupe d'indicateurs;Surface;050.10;Occupation du territoire;Sols artificiels;1.1;52586;OUI
W0021;1998;55;55 - Meuse;Groupe d'indicateurs;Surface;050.10;Occupation du territoire;Sols artificiels;1.1;16464;OUI
W0021;1998;14;14 - Calvados;Groupe d'indicateurs;Surface;050.10;Occupation du territoire;Sols artificiels;1.1;45934;OUI
W0021;1998;62;62 - Pas-de-Calais;Groupe d'indicateurs;Surface;050.10;Occupation du territoire;Sols artificiels;1.1;73435;OUI
W0021;1998;65;65 - Hautes-Pyrénées;Groupe d'indicateurs;Surface;050.10;Occupation du territoire;Sols artificiels;1.1;21318;OUI
W0021;1998;38;38 - Isère;Groupe d'indicateurs;Surface;050.10;Occupation du territoire;Sols artificiels;1.1;67721;OUI
W0021;1998;36;36 - Indre;Groupe d'indicateurs;Surface;050.10;Occupation du territoire;Sols artificiels;1.1;32345;OUI
W0021;1998;18;18 - Cher;Groupe d'indicateurs;Surface;050.10;Occupation du territoire;Sols artificiels;1.1;36324;OUI
W0021;1998;24;24 - Dordogne;Groupe d'indicateurs;Surface;050.10;Occupation du territoire;Sols artificiels;1.1;58900;OUI
W0021;1998;30;30 - Gard;Groupe d'indicateurs;Surface;050.10;Occupation du territoire;Sols artificiels;1.1;43579;OUI
W0021;1998;60;60 - Oise;Groupe d'indicateurs;Surface;050.10;Occupation du territoire;Sols artificiels;1.1;50092;OUI
W0021;1998;89;58 - Nièvre;Groupe d'indicateurs;Surface;050.10;Occupation du territoire;Sols artificiels;1.1;41620;OUI
W0021;1998;02;02 - Aisne;Groupe d'indicateurs;Surface;050.10;Occupation du territoire;Sols artificiels;1.1;40890;OUI
W0021;1998;25;70 - Haute-Saône;Groupe d'indicateurs;Surface;050.10;Occupation du territoire;Sols artificiels;1.1;25123;OUI
W0021;1998;28;28 - Eure-et-Loir;Groupe d'indicateurs;Surface;050.10;Occupation du territoire;Sols artificiels;1.1;39156;OUI
W0021;1998;82;82 - Tarn-et-Garonne;Groupe d'indicateurs;Surface;050.10;Occupation du territoire;Sols artificiels;1.1;24237;OUI
W0021;1998;80;80 - Somme;Groupe d'indicateurs;Surface;050.10;Occupation du territoire;Sols artificiels;1.1;37968;OUI
W0021;1998;63;63 - Puy-de-Dôme;Groupe d'indicateurs;Surface;050.10;Occupation du territoire;Sols artificiels;1.1;36001;OUI
W0021;1998;68;68 - Haut-Rhin;Groupe d'indicateurs;Surface;050.10;Occupation du territoire;Sols artificiels;1.1;34772;OUI
W0021;1998;34;34 - Hérault;Groupe d'indicateurs;Surface;050.10;Occupation du territoire;Sols artificiels;1.1;47299;OUI
W0021;1998;86;86 - Vienne;Groupe d'indicateurs;Surface;050.10;Occupation du territoire;Sols artificiels;1.1;39071;OUI
W0021;1998;27;27 - Eure;Groupe d'indicateurs;Surface;050.10;Occupation du territoire;Sols artificiels;1.1;47439;OUI
W0021;1998;69;69 - Rhône;Groupe d'indicateurs;Surface;050.10;Occupation du territoire;Sols artificiels;1.1;61378;OUI
W0021;1998;72;72 - Sarthe;Groupe d'indicateurs;Surface;050.10;Occupation du territoire;Sols artificiels;1.1;44843;OUI
W0021;1998;NR32;32 - Hauts-de-France;Groupe d'indicateurs;Surface;050.10;Occupation du territoire;Sols artificiels;1.1;295933;OUI
W0021;1998;NR27;27 - Bourgogne-Franche-Comté;Groupe d'indicateurs;Surface;050.10;Occupation du territoire;Sols artificiels;1.1;249493;OUI
W0021;1998;95;95 - Val-d'Oise;Groupe d'indicateurs;Surface;050.10;Occupation du territoire;Sols artificiels;1.1;30064;OUI
W0021;1998;84;84 - Vaucluse;Groupe d'indicateurs;Surface;050.10;Occupation du territoire;Sols artificiels;1.1;33060;OUI
W0021;1998;67;67 - Bas-Rhin;Groupe d'indicateurs;Surface;050.10;Occupation du territoire;Sols artificiels;1.1;47564;OUI
W0021;1998;78;78 - Yvelines;Groupe d'indicateurs;Surface;050.10;Occupation du territoire;Sols artificiels;1.1;41587;OUI
W0021;1998;21;21 - Côte-d'Or;Groupe d'indicateurs;Surface;050.10;Occupation du territoire;Sols artificiels;1.1;46516;OUI
W0021;1998;26;26 - Drôme;Groupe d'indicateurs;Surface;050.10;Occupation du territoire;Sols artificiels;1.1;31622;OUI
W0021;1998;11;11 - Aude;Groupe d'indicateurs;Surface;050.10;Occupation du territoire;Sols artificiels;1.1;22794;OUI
W0021;1998;79;79 - Deux-Sèvres;Groupe d'indicateurs;Surface;050.10;Occupation du territoire;Sols artificiels;1.1;45345;OUI
W0021;1998;42;42 - Loire;Groupe d'indicateurs;Surface;050.10;Occupation du territoire;Sols artificiels;1.1;41986;OUI
W0021;1998;NR84;84 - Auvergne-Rhône-Alpes;Groupe d'indicateurs;Surface;050.10;Occupation du territoire;Sols artificiels;1.1;480152;OUI
W0021;1998;05;05 - Hautes-Alpes;Groupe d'indicateurs;Surface;050.10;Occupation du territoire;Sols artificiels;1.1;14287;OUI
W0021;1998;43;43 - Haute-Loire;Groupe d'indicateurs;Surface;050.10;Occupation du territoire;Sols artificiels;1.1;24097;OUI
W0021;1998;73;73 - Savoie;Groupe d'indicateurs;Surface;050.10;Occupation du territoire;Sols artificiels;1.1;29326;OUI
W0021;1998;44;44 - Loire-Atlantique;Groupe d'indicateurs;Surface;050.10;Occupation du territoire;Sols artificiels;1.1;75059;OUI
W0021;1998;51;51 - Marne;Groupe d'indicateurs;Surface;050.10;Occupation du territoire;Sols artificiels;1.1;36937;OUI
W0021;1998;01;01 - Ain;Groupe d'indicateurs;Surface;050.10;Occupation du territoire;Sols artificiels;1.1;44865;OUI
W0021;1998;76;76 - Seine-Maritime;Groupe d'indicateurs;Surface;050.10;Occupation du territoire;Sols artificiels;1.1;64394;OUI
W0021;1998;45;45 - Loiret;Groupe d'indicateurs;Surface;050.10;Occupation du territoire;Sols artificiels;1.1;54810;OUI
W0021;1998;90;90 - Territoire-de-Belfort;Groupe d'indicateurs;Surface;050.10;Occupation du territoire;Sols artificiels;1.1;8098;OUI
W0021;1998;12;12 - Aveyron;Groupe d'indicateurs;Surface;050.10;Occupation du territoire;Sols artificiels;1.1;37754;OUI
W0021;1998;91;91 - Essonne;Groupe d'indicateurs;Surface;050.10;Occupation du territoire;Sols artificiels;1.1;35138;OUI
W0021;1998;METRO;FR métro - France métropolitaine;Groupe d'indicateurs;Surface;050.10;Occupation du territoire;Sols artificiels;1.1;3794429;OUI
W0021;1998;29;29 - Finistère;Groupe d'indicateurs;Surface;050.10;Occupation du territoire;Sols artificiels;1.1;74031;OUI
W0021;1998;53;53 - Mayenne;Groupe d'indicateurs;Surface;050.10;Occupation du territoire;Sols artificiels;1.1;31323;OUI
W0021;1998;37;37 - Indre-et-Loire;Groupe d'indicateurs;Surface;050.10;Occupation du territoire;Sols artificiels;1.1;46739;OUI
W0021;1998;70;89 - Yonne;Groupe d'indicateurs;Surface;050.10;Occupation du territoire;Sols artificiels;1.1;22610;OUI
W0021;1998;57;57 - Moselle;Groupe d'indicateurs;Surface;050.10;Occupation du territoire;Sols artificiels;1.1;53762;OUI
W0021;1998;04;04 - Alpes-de-Haute-Provence;Groupe d'indicateurs;Surface;050.10;Occupation du territoire;Sols artificiels;1.1;17399;OUI
W0021;1998;2A;2A - Corse-du-Sud;Groupe d'indicateurs;Surface;050.10;Occupation du territoire;Sols artificiels;1.1;9679;OUI
W0021;1998;NR93;93 - Provence-Alpes-Côte d'Azur;Groupe d'indicateurs;Surface;050.10;Occupation du territoire;Sols artificiels;1.1;198174;OUI
W0021;1998;23;23 - Creuse;Groupe d'indicateurs;Surface;050.10;Occupation du territoire;Sols artificiels;1.1;26317;OUI
W0021;1998;41;41 - Loir-et-Cher;Groupe d'indicateurs;Surface;050.10;Occupation du territoire;Sols artificiels;1.1;48290;OUI
W0021;1998;58;25 - Doubs;Groupe d'indicateurs;Surface;050.10;Occupation du territoire;Sols artificiels;1.1;24027;OUI
W0021;1998;56;56 - Morbihan;Groupe d'indicateurs;Surface;050.10;Occupation du territoire;Sols artificiels;1.1;63921;OUI
W0021;1998;NR52;52 - Pays de la Loire;Groupe d'indicateurs;Surface;050.10;Occupation du territoire;Sols artificiels;1.1;260122;OUI
W0021;1998;NR76;76 - Occitanie;Groupe d'indicateurs;Surface;050.10;Occupation du territoire;Sols artificiels;1.1;415921;OUI
W0021;1998;NR24;24 - Centre-Val de Loire;Groupe d'indicateurs;Surface;050.10;Occupation du territoire;Sols artificiels;1.1;257665;OUI
W0021;1998;50;50 - Manche;Groupe d'indicateurs;Surface;050.10;Occupation du territoire;Sols artificiels;1.1;42335;OUI
W0021;1998;NR44;44 - Grand Est;Groupe d'indicateurs;Surface;050.10;Occupation du territoire;Sols artificiels;1.1;331379;OUI
W0021;1998;77;77 - Seine-et-Marne;Groupe d'indicateurs;Surface;050.10;Occupation du territoire;Sols artificiels;1.1;61991;OUI
W0021;1998;NR75;75 - Nouvelle-Aquitaine;Groupe d'indicateurs;Surface;050.10;Occupation du territoire;Sols artificiels;1.1;581456;OUI
W0021;1998;07;07 - Ardèche;Groupe d'indicateurs;Surface;050.10;Occupation du territoire;Sols artificiels;1.1;32491;OUI
W0021;1998;39;71 - Saône-et-Loire;Groupe d'indicateurs;Surface;050.10;Occupation du territoire;Sols artificiels;1.1;25534;OUI
W0021;1998;48;48 - Lozère;Groupe d'indicateurs;Surface;050.10;Occupation du territoire;Sols artificiels;1.1;13035;OUI
W0021;1998;66;66 - Pyrénées-Orientales;Groupe d'indicateurs;Surface;050.10;Occupation du territoire;Sols artificiels;1.1;20927;OUI
W0021;1998;54;54 - Meurthe-et-Moselle;Groupe d'indicateurs;Surface;050.10;Occupation du territoire;Sols artificiels;1.1;36241;OUI
W0021;1998;88;88 - Vosges;Groupe d'indicateurs;Surface;050.10;Occupation du territoire;Sols artificiels;1.1;30017;OUI
W0021;1998;31;31 - Haute-Garonne;Groupe d'indicateurs;Surface;050.10;Occupation du territoire;Sols artificiels;1.1;73538;OUI
W0021;1998;85;85 - Vendée;Groupe d'indicateurs;Surface;050.10;Occupation du territoire;Sols artificiels;1.1;49362;OUI
W0021;1998;49;49 - Maine-et-Loire;Groupe d'indicateurs;Surface;050.10;Occupation du territoire;Sols artificiels;1.1;59536;OUI
W0021;1998;NR53;53 - Bretagne;Groupe d'indicateurs;Surface;050.10;Occupation du territoire;Sols artificiels;1.1;246424;OUI
W0021;1998;47;47 - Lot-et-Garonne;Groupe d'indicateurs;Surface;050.10;Occupation du territoire;Sols artificiels;1.1;38005;OUI
W0021;1998;87;87 - Haute-Vienne;Groupe d'indicateurs;Surface;050.10;Occupation du territoire;Sols artificiels;1.1;39614;OUI
W0021;1998;40;40 - Landes;Groupe d'indicateurs;Surface;050.10;Occupation du territoire;Sols artificiels;1.1;53374;OUI
W0021;1998;NR28;28 - Normandie;Groupe d'indicateurs;Surface;050.10;Occupation du territoire;Sols artificiels;1.1;236882;OUI
W0021;1998;59;59 - Nord;Groupe d'indicateurs;Surface;050.10;Occupation du territoire;Sols artificiels;1.1;93547;OUI
W0021;1998;74;74 - Haute-Savoie;Groupe d'indicateurs;Surface;050.10;Occupation du territoire;Sols artificiels;1.1;40993;OUI
W0021;1998;19;19 - Corrèze;Groupe d'indicateurs;Surface;050.10;Occupation du territoire;Sols artificiels;1.1;29714;OUI
W0021;1998;81;81 - Tarn;Groupe d'indicateurs;Surface;050.10;Occupation du territoire;Sols artificiels;1.1;34336;OUI
W0021;1998;METRO;FR métro - France métropolitaine;Groupe d'indicateurs;Surface;050.10;Occupation du territoire;Sols bâtis;1.1.1;556642;OUI
W0021;1998;NR94;94 - Corse;Groupe d'indicateurs;Surface;050.10;Occupation du territoire;Sols bâtis;1.1.1;1857;OUI
W0021;1998;NR75;75 - Nouvelle-Aquitaine;Groupe d'indicateurs;Surface;050.10;Occupation du territoire;Sols bâtis;1.1.1;82621;OUI
W0021;1998;NR84;84 - Auvergne-Rhône-Alpes;Groupe d'indicateurs;Surface;050.10;Occupation du territoire;Sols bâtis;1.1.1;61331;OUI
W0021;1998;FR;FR - France entière;Groupe d'indicateurs;Surface;050.10;Occupation du territoire;Sols bâtis;1.1.1;-2;OUI
W0021;1998;NR53;53 - Bretagne;Groupe d'indicateurs;Surface;050.10;Occupation du territoire;Sols bâtis;1.1.1;38149;OUI
W0021;1998;NR44;44 - Grand Est;Groupe d'indicateurs;Surface;050.10;Occupation du territoire;Sols bâtis;1.1.1;53905;OUI
W0021;1998;NR11;11 - Île-de-France;Groupe d'indicateurs;Surface;050.10;Occupation du territoire;Sols bâtis;1.1.1;43187;OUI
W0021;1998;NR52;52 - Pays de la Loire;Groupe d'indicateurs;Surface;050.10;Occupation du territoire;Sols bâtis;1.1.1;41987;OUI
W0021;1998;NR24;24 - Centre-Val de Loire;Groupe d'indicateurs;Surface;050.10;Occupation du territoire;Sols bâtis;1.1.1;27825;OUI
W0021;1998;NR93;93 - Provence-Alpes-Côte d'Azur;Groupe d'indicateurs;Surface;050.10;Occupation du territoire;Sols bâtis;1.1.1;38867;OUI
W0021;1998;NR76;76 - Occitanie;Groupe d'indicateurs;Surface;050.10;Occupation du territoire;Sols bâtis;1.1.1;57471;OUI
W0021;1998;NR27;27 - Bourgogne-Franche-Comté;Groupe d'indicateurs;Surface;050.10;Occupation du territoire;Sols bâtis;1.1.1;33821;OUI
W0021;1998;NR28;28 - Normandie;Groupe d'indicateurs;Surface;050.10;Occupation du territoire;Sols bâtis;1.1.1;33857;OUI
W0021;1998;NR32;32 - Hauts-de-France;Groupe d'indicateurs;Surface;050.10;Occupation du territoire;Sols bâtis;1.1.1;41764;OUI
W0021;1998;NR75;75 - Nouvelle-Aquitaine;Groupe d'indicateurs;Surface;050.10;Occupation du territoire;Sols revêtus ou stabilisés;1.1.2;231326;OUI
W0021;1998;FR;FR - France entière;Groupe d'indicateurs;Surface;050.10;Occupation du territoire;Sols revêtus ou stabilisés;1.1.2;-2;OUI
W0021;1998;NR53;53 - Bretagne;Groupe d'indicateurs;Surface;050.10;Occupation du territoire;Sols revêtus ou stabilisés;1.1.2;103802;OUI
W0021;1998;NR76;76 - Occitanie;Groupe d'indicateurs;Surface;050.10;Occupation du territoire;Sols revêtus ou stabilisés;1.1.2;207965;OUI
W0021;1998;NR93;93 - Provence-Alpes-Côte d'Azur;Groupe d'indicateurs;Surface;050.10;Occupation du territoire;Sols revêtus ou stabilisés;1.1.2;103425;OUI
W0021;1998;METRO;FR métro - France métropolitaine;Groupe d'indicateurs;Surface;050.10;Occupation du territoire;Sols revêtus ou stabilisés;1.1.2;1733832;OUI
W0021;1998;NR27;27 - Bourgogne-Franche-Comté;Groupe d'indicateurs;Surface;050.10;Occupation du territoire;Sols revêtus ou stabilisés;1.1.2;131198;OUI
W0021;1998;NR84;84 - Auvergne-Rhône-Alpes;Groupe d'indicateurs;Surface;050.10;Occupation du territoire;Sols revêtus ou stabilisés;1.1.2;223630;OUI
W0021;1998;NR32;32 - Hauts-de-France;Groupe d'indicateurs;Surface;050.10;Occupation du territoire;Sols revêtus ou stabilisés;1.1.2;127741;OUI
W0021;1998;NR94;94 - Corse;Groupe d'indicateurs;Surface;050.10;Occupation du territoire;Sols revêtus ou stabilisés;1.1.2;9613;OUI
W0021;1998;NR52;52 - Pays de la Loire;Groupe d'indicateurs;Surface;050.10;Occupation du territoire;Sols revêtus ou stabilisés;1.1.2;118914;OUI
W0021;1998;NR24;24 - Centre-Val de Loire;Groupe d'indicateurs;Surface;050.10;Occupation du territoire;Sols revêtus ou stabilisés;1.1.2;97856;OUI
W0021;1998;NR28;28 - Normandie;Groupe d'indicateurs;Surface;050.10;Occupation du territoire;Sols revêtus ou stabilisés;1.1.2;106973;OUI
W0021;1998;NR11;11 - Île-de-France;Groupe d'indicateurs;Surface;050.10;Occupation du territoire;Sols revêtus ou stabilisés;1.1.2;91504;OUI
W0021;1998;NR44;44 - Grand Est;Groupe d'indicateurs;Surface;050.10;Occupation du territoire;Sols revêtus ou stabilisés;1.1.2;179884;OUI
W0021;1998;NR11;11 - Île-de-France;Groupe d'indicateurs;Surface;050.10;Occupation du territoire;Autres sols artificialisés;1.1.3b;90784;OUI
W0021;1998;NR84;84 - Auvergne-Rhône-Alpes;Groupe d'indicateurs;Surface;050.10;Occupation du territoire;Autres sols artificialisés;1.1.3b;195191;OUI
W0021;1998;NR53;53 - Bretagne;Groupe d'indicateurs;Surface;050.10;Occupation du territoire;Autres sols artificialisés;1.1.3b;104473;OUI
W0021;1998;NR27;27 - Bourgogne-Franche-Comté;Groupe d'indicateurs;Surface;050.10;Occupation du territoire;Autres sols artificialisés;1.1.3b;84475;OUI
W0021;1998;FR;FR - France entière;Groupe d'indicateurs;Surface;050.10;Occupation du territoire;Autres sols artificialisés;1.1.3b;-2;OUI
W0021;1998;NR93;93 - Provence-Alpes-Côte d'Azur;Groupe d'indicateurs;Surface;050.10;Occupation du territoire;Autres sols artificialisés;1.1.3b;55881;OUI
W0021;1998;METRO;FR métro - France métropolitaine;Groupe d'indicateurs;Surface;050.10;Occupation du territoire;Autres sols artificialisés;1.1.3b;1503954;OUI
W0021;1998;NR75;75 - Nouvelle-Aquitaine;Groupe d'indicateurs;Surface;050.10;Occupation du territoire;Autres sols artificialisés;1.1.3b;267510;OUI
W0021;1998;NR76;76 - Occitanie;Groupe d'indicateurs;Surface;050.10;Occupation du territoire;Autres sols artificialisés;1.1.3b;150485;OUI
W0021;1998;NR28;28 - Normandie;Groupe d'indicateurs;Surface;050.10;Occupation du territoire;Autres sols artificialisés;1.1.3b;96052;OUI
W0021;1998;NR94;94 - Corse;Groupe d'indicateurs;Surface;050.10;Occupation du territoire;Autres sols artificialisés;1.1.3b;3882;OUI
W0021;1998;NR32;32 - Hauts-de-France;Groupe d'indicateurs;Surface;050.10;Occupation du territoire;Autres sols artificialisés;1.1.3b;126428;OUI
W0021;1998;NR52;52 - Pays de la Loire;Groupe d'indicateurs;Surface;050.10;Occupation du territoire;Autres sols artificialisés;1.1.3b;99221;OUI
W0021;1998;NR44;44 - Grand Est;Groupe d'indicateurs;Surface;050.10;Occupation du territoire;Autres sols artificialisés;1.1.3b;97589;OUI
W0021;1998;NR24;24 - Centre-Val de Loire;Groupe d'indicateurs;Surface;050.10;Occupation du territoire;Autres sols artificialisés;1.1.3b;131984;OUI
W0021;1998;01;01 - Ain;Groupe d'indicateurs;Surface;050.10;Occupation du territoire;Sols agricoles;1.2;276913;OUI
W0021;1998;14;14 - Calvados;Groupe d'indicateurs;Surface;050.10;Occupation du territoire;Sols agricoles;1.2;424434;OUI
W0021;1998;10;10 - Aube;Groupe d'indicateurs;Surface;050.10;Occupation du territoire;Sols agricoles;1.2;397462;OUI
W0021;1998;22;22 - Côtes-d'Armor;Groupe d'indicateurs;Surface;050.10;Occupation du territoire;Sols agricoles;1.2;481481;OUI
W0021;1998;33;33 - Gironde;Groupe d'indicateurs;Surface;050.10;Occupation du territoire;Sols agricoles;1.2;314856;OUI
W0021;1998;34;34 - Hérault;Groupe d'indicateurs;Surface;050.10;Occupation du territoire;Sols agricoles;1.2;197287;OUI
W0021;1998;79;79 - Deux-Sèvres;Groupe d'indicateurs;Surface;050.10;Occupation du territoire;Sols agricoles;1.2;465209;OUI
W0021;1998;31;31 - Haute-Garonne;Groupe d'indicateurs;Surface;050.10;Occupation du territoire;Sols agricoles;1.2;384643;OUI
W0021;1998;87;87 - Haute-Vienne;Groupe d'indicateurs;Surface;050.10;Occupation du territoire;Sols agricoles;1.2;301755;OUI
W0021;1998;49;49 - Maine-et-Loire;Groupe d'indicateurs;Surface;050.10;Occupation du territoire;Sols agricoles;1.2;511548;OUI
W0021;1998;41;41 - Loir-et-Cher;Groupe d'indicateurs;Surface;050.10;Occupation du territoire;Sols agricoles;1.2;329886;OUI
W0021;1998;30;30 - Gard;Groupe d'indicateurs;Surface;050.10;Occupation du territoire;Sols agricoles;1.2;194710;OUI
W0021;1998;84;84 - Vaucluse;Groupe d'indicateurs;Surface;050.10;Occupation du territoire;Sols agricoles;1.2;146230;OUI
W0021;1998;07;07 - Ardèche;Groupe d'indicateurs;Surface;050.10;Occupation du territoire;Sols agricoles;1.2;156410;OUI
W0021;1998;09;09 - Ariège;Groupe d'indicateurs;Surface;050.10;Occupation du territoire;Sols agricoles;1.2;192195;OUI
W0021;1998;72;72 - Sarthe;Groupe d'indicateurs;Surface;050.10;Occupation du territoire;Sols agricoles;1.2;420289;OUI
W0021;1998;05;05 - Hautes-Alpes;Groupe d'indicateurs;Surface;050.10;Occupation du territoire;Sols agricoles;1.2;231375;OUI
W0021;1998;17;17 - Charente-Maritime;Groupe d'indicateurs;Surface;050.10;Occupation du territoire;Sols agricoles;1.2;466465;OUI
W0021;1998;25;70 - Haute-Saône;Groupe d'indicateurs;Surface;050.10;Occupation du territoire;Sols agricoles;1.2;236990;OUI
W0021;1998;52;52 - Haute-Marne;Groupe d'indicateurs;Surface;050.10;Occupation du territoire;Sols agricoles;1.2;322371;OUI
W0021;1998;43;43 - Haute-Loire;Groupe d'indicateurs;Surface;050.10;Occupation du territoire;Sols agricoles;1.2;234546;OUI
W0021;1998;51;51 - Marne;Groupe d'indicateurs;Surface;050.10;Occupation du territoire;Sols agricoles;1.2;589727;OUI
W0021;1998;64;64 - Pyrénées-Atlantiques;Groupe d'indicateurs;Surface;050.10;Occupation du territoire;Sols agricoles;1.2;404444;OUI
W0021;1998;61;61 - Orne;Groupe d'indicateurs;Surface;050.10;Occupation du territoire;Sols agricoles;1.2;441801;OUI
W0021;1998;59;59 - Nord;Groupe d'indicateurs;Surface;050.10;Occupation du territoire;Sols agricoles;1.2;391384;OUI
W0021;1998;74;74 - Haute-Savoie;Groupe d'indicateurs;Surface;050.10;Occupation du territoire;Sols agricoles;1.2;155119;OUI
W0021;1998;13;13 - Bouches-du-Rhône;Groupe d'indicateurs;Surface;050.10;Occupation du territoire;Sols agricoles;1.2;158397;OUI
W0021;1998;37;37 - Indre-et-Loire;Groupe d'indicateurs;Surface;050.10;Occupation du territoire;Sols agricoles;1.2;368055;OUI
W0021;1998;35;35 - Ille-et-Vilaine;Groupe d'indicateurs;Surface;050.10;Occupation du territoire;Sols agricoles;1.2;513734;OUI
W0021;1998;16;16 - Charente;Groupe d'indicateurs;Surface;050.10;Occupation du territoire;Sols agricoles;1.2;385537;OUI
W0021;1998;77;77 - Seine-et-Marne;Groupe d'indicateurs;Surface;050.10;Occupation du territoire;Sols agricoles;1.2;357223;OUI
W0021;1998;62;62 - Pas-de-Calais;Groupe d'indicateurs;Surface;050.10;Occupation du territoire;Sols agricoles;1.2;502702;OUI
W0021;1998;86;86 - Vienne;Groupe d'indicateurs;Surface;050.10;Occupation du territoire;Sols agricoles;1.2;505531;OUI
W0021;1998;06;06 - Alpes-Maritimes;Groupe d'indicateurs;Surface;050.10;Occupation du territoire;Sols agricoles;1.2;82803;OUI
W0021;1998;08;08 - Ardennes;Groupe d'indicateurs;Surface;050.10;Occupation du territoire;Sols agricoles;1.2;317776;OUI
W0021;1998;50;50 - Manche;Groupe d'indicateurs;Surface;050.10;Occupation du territoire;Sols agricoles;1.2;466491;OUI
W0021;1998;42;42 - Loire;Groupe d'indicateurs;Surface;050.10;Occupation du territoire;Sols agricoles;1.2;252461;OUI
W0021;1998;NR93;93 - Provence-Alpes-Côte d'Azur;Groupe d'indicateurs;Surface;050.10;Occupation du territoire;Sols agricoles;1.2;878828;OUI
W0021;1998;21;21 - Côte-d'Or;Groupe d'indicateurs;Surface;050.10;Occupation du territoire;Sols agricoles;1.2;464891;OUI
W0021;1998;15;15 - Cantal;Groupe d'indicateurs;Surface;050.10;Occupation du territoire;Sols agricoles;1.2;342529;OUI
W0021;1998;88;88 - Vosges;Groupe d'indicateurs;Surface;050.10;Occupation du territoire;Sols agricoles;1.2;231931;OUI
W0021;1998;60;60 - Oise;Groupe d'indicateurs;Surface;050.10;Occupation du territoire;Sols agricoles;1.2;388690;OUI
W0021;1998;67;67 - Bas-Rhin;Groupe d'indicateurs;Surface;050.10;Occupation du territoire;Sols agricoles;1.2;224387;OUI
W0021;1998;90;90 - Territoire-de-Belfort;Groupe d'indicateurs;Surface;050.10;Occupation du territoire;Sols agricoles;1.2;21131;OUI
W0021;1998;02;02 - Aisne;Groupe d'indicateurs;Surface;050.10;Occupation du territoire;Sols agricoles;1.2;518791;OUI
W0021;1998;12;12 - Aveyron;Groupe d'indicateurs;Surface;050.10;Occupation du territoire;Sols agricoles;1.2;499204;OUI
W0021;1998;53;53 - Mayenne;Groupe d'indicateurs;Surface;050.10;Occupation du territoire;Sols agricoles;1.2;412896;OUI
W0021;1998;46;46 - Lot;Groupe d'indicateurs;Surface;050.10;Occupation du territoire;Sols agricoles;1.2;191470;OUI
W0021;1998;91;91 - Essonne;Groupe d'indicateurs;Surface;050.10;Occupation du territoire;Sols agricoles;1.2;93850;OUI
W0021;1998;03;03 - Allier;Groupe d'indicateurs;Surface;050.10;Occupation du territoire;Sols agricoles;1.2;499788;OUI
W0021;1998;24;24 - Dordogne;Groupe d'indicateurs;Surface;050.10;Occupation du territoire;Sols agricoles;1.2;373857;OUI
W0021;1998;95;95 - Val-d'Oise;Groupe d'indicateurs;Surface;050.10;Occupation du territoire;Sols agricoles;1.2;61380;OUI
W0021;1998;70;89 - Yonne;Groupe d'indicateurs;Surface;050.10;Occupation du territoire;Sols agricoles;1.2;247067;OUI
W0021;1998;METRO;FR métro - France métropolitaine;Groupe d'indicateurs;Surface;050.10;Occupation du territoire;Sols agricoles;1.2;29517275;OUI
W0021;1998;75;75 - Ville de Paris;Groupe d'indicateurs;Surface;050.10;Occupation du territoire;Sols agricoles;1.2;3348;OUI
W0021;1998;04;04 - Alpes-de-Haute-Provence;Groupe d'indicateurs;Surface;050.10;Occupation du territoire;Sols agricoles;1.2;178321;OUI
W0021;1998;85;85 - Vendée;Groupe d'indicateurs;Surface;050.10;Occupation du territoire;Sols agricoles;1.2;507506;OUI
W0021;1998;NR32;32 - Hauts-de-France;Groupe d'indicateurs;Surface;050.10;Occupation du territoire;Sols agricoles;1.2;2292538;OUI
W0021;1998;66;66 - Pyrénées-Orientales;Groupe d'indicateurs;Surface;050.10;Occupation du territoire;Sols agricoles;1.2;111851;OUI
W0021;1998;63;63 - Puy-de-Dôme;Groupe d'indicateurs;Surface;050.10;Occupation du territoire;Sols agricoles;1.2;427753;OUI
W0021;1998;78;78 - Yvelines;Groupe d'indicateurs;Surface;050.10;Occupation du territoire;Sols agricoles;1.2;98303;OUI
W0021;1998;FR;FR - France entière;Groupe d'indicateurs;Surface;050.10;Occupation du territoire;Sols agricoles;1.2;-2;OUI
W0021;1998;56;56 - Morbihan;Groupe d'indicateurs;Surface;050.10;Occupation du territoire;Sols agricoles;1.2;426928;OUI
W0021;1998;57;57 - Moselle;Groupe d'indicateurs;Surface;050.10;Occupation du territoire;Sols agricoles;1.2;330807;OUI
W0021;1998;NR52;52 - Pays de la Loire;Groupe d'indicateurs;Surface;050.10;Occupation du territoire;Sols agricoles;1.2;2306599;OUI
W0021;1998;80;80 - Somme;Groupe d'indicateurs;Surface;050.10;Occupation du territoire;Sols agricoles;1.2;490971;OUI
W0021;1998;23;23 - Creuse;Groupe d'indicateurs;Surface;050.10;Occupation du territoire;Sols agricoles;1.2;305981;OUI
W0021;1998;2B;2B - Haute-Corse;Groupe d'indicateurs;Surface;050.10;Occupation du territoire;Sols agricoles;1.2;89870;OUI
W0021;1998;73;73 - Savoie;Groupe d'indicateurs;Surface;050.10;Occupation du territoire;Sols agricoles;1.2;185152;OUI
W0021;1998;27;27 - Eure;Groupe d'indicateurs;Surface;050.10;Occupation du territoire;Sols agricoles;1.2;398731;OUI
W0021;1998;83;83 - Var;Groupe d'indicateurs;Surface;050.10;Occupation du territoire;Sols agricoles;1.2;81701;OUI
W0021;1998;38;38 - Isère;Groupe d'indicateurs;Surface;050.10;Occupation du territoire;Sols agricoles;1.2;306845;OUI
W0021;1998;82;82 - Tarn-et-Garonne;Groupe d'indicateurs;Surface;050.10;Occupation du territoire;Sols agricoles;1.2;242582;OUI
W0021;1998;19;19 - Corrèze;Groupe d'indicateurs;Surface;050.10;Occupation du territoire;Sols agricoles;1.2;230615;OUI
W0021;1998;NR11;11 - Île-de-France;Groupe d'indicateurs;Surface;050.10;Occupation du territoire;Sols agricoles;1.2;614104;OUI
W0021;1998;NR28;28 - Normandie;Groupe d'indicateurs;Surface;050.10;Occupation du territoire;Sols agricoles;1.2;2162818;OUI
W0021;1998;NR75;75 - Nouvelle-Aquitaine;Groupe d'indicateurs;Surface;050.10;Occupation du territoire;Sols agricoles;1.2;4329508;OUI
W0021;1998;48;48 - Lozère;Groupe d'indicateurs;Surface;050.10;Occupation du territoire;Sols agricoles;1.2;216157;OUI
W0021;1998;68;68 - Haut-Rhin;Groupe d'indicateurs;Surface;050.10;Occupation du territoire;Sols agricoles;1.2;153375;OUI
W0021;1998;39;71 - Saône-et-Loire;Groupe d'indicateurs;Surface;050.10;Occupation du territoire;Sols agricoles;1.2;196786;OUI
W0021;1998;18;18 - Cher;Groupe d'indicateurs;Surface;050.10;Occupation du territoire;Sols agricoles;1.2;462658;OUI
W0021;1998;29;29 - Finistère;Groupe d'indicateurs;Surface;050.10;Occupation du territoire;Sols agricoles;1.2;441042;OUI
W0021;1998;55;55 - Meuse;Groupe d'indicateurs;Surface;050.10;Occupation du territoire;Sols agricoles;1.2;345545;OUI
W0021;1998;47;47 - Lot-et-Garonne;Groupe d'indicateurs;Surface;050.10;Occupation du territoire;Sols agricoles;1.2;328793;OUI
W0021;1998;40;40 - Landes;Groupe d'indicateurs;Surface;050.10;Occupation du territoire;Sols agricoles;1.2;246467;OUI
W0021;1998;65;65 - Hautes-Pyrénées;Groupe d'indicateurs;Surface;050.10;Occupation du territoire;Sols agricoles;1.2;224599;OUI
W0021;1998;NR53;53 - Bretagne;Groupe d'indicateurs;Surface;050.10;Occupation du territoire;Sols agricoles;1.2;1863185;OUI
W0021;1998;NR24;24 - Centre-Val de Loire;Groupe d'indicateurs;Surface;050.10;Occupation du territoire;Sols agricoles;1.2;2493713;OUI
W0021;1998;11;11 - Aude;Groupe d'indicateurs;Surface;050.10;Occupation du territoire;Sols agricoles;1.2;245489;OUI
W0021;1998;NR76;76 - Occitanie;Groupe d'indicateurs;Surface;050.10;Occupation du territoire;Sols agricoles;1.2;3505966;OUI
W0021;1998;28;28 - Eure-et-Loir;Groupe d'indicateurs;Surface;050.10;Occupation du territoire;Sols agricoles;1.2;470320;OUI
W0021;1998;71;39 - Jura;Groupe d'indicateurs;Surface;050.10;Occupation du territoire;Sols agricoles;1.2;542273;OUI
W0021;1998;45;45 - Loiret;Groupe d'indicateurs;Surface;050.10;Occupation du territoire;Sols agricoles;1.2;385966;OUI
W0021;1998;58;25 - Doubs;Groupe d'indicateurs;Surface;050.10;Occupation du territoire;Sols agricoles;1.2;373745;OUI
W0021;1998;32;32 - Gers;Groupe d'indicateurs;Surface;050.10;Occupation du territoire;Sols agricoles;1.2;490316;OUI
W0021;1998;NR44;44 - Grand Est;Groupe d'indicateurs;Surface;050.10;Occupation du territoire;Sols agricoles;1.2;3198901;OUI
W0021;1998;NR94;94 - Corse;Groupe d'indicateurs;Surface;050.10;Occupation du territoire;Sols agricoles;1.2;110222;OUI
W0021;1998;2A;2A - Corse-du-Sud;Groupe d'indicateurs;Surface;050.10;Occupation du territoire;Sols agricoles;1.2;20352;OUI
W0021;1998;44;44 - Loire-Atlantique;Groupe d'indicateurs;Surface;050.10;Occupation du territoire;Sols agricoles;1.2;454359;OUI
W0021;1998;26;26 - Drôme;Groupe d'indicateurs;Surface;050.10;Occupation du territoire;Sols agricoles;1.2;239383;OUI
W0021;1998;NR84;84 - Auvergne-Rhône-Alpes;Groupe d'indicateurs;Surface;050.10;Occupation du territoire;Sols agricoles;1.2;3237387;OUI
W0021;1998;54;54 - Meurthe-et-Moselle;Groupe d'indicateurs;Surface;050.10;Occupation du territoire;Sols agricoles;1.2;285520;OUI
W0021;1998;NR27;27 - Bourgogne-Franche-Comté;Groupe d'indicateurs;Surface;050.10;Occupation du territoire;Sols agricoles;1.2;2523506;OUI
W0021;1998;81;81 - Tarn;Groupe d'indicateurs;Surface;050.10;Occupation du territoire;Sols agricoles;1.2;315464;OUI
W0021;1998;36;36 - Indre;Groupe d'indicateurs;Surface;050.10;Occupation du territoire;Sols agricoles;1.2;476828;OUI
W0021;1998;76;76 - Seine-Maritime;Groupe d'indicateurs;Surface;050.10;Occupation du territoire;Sols agricoles;1.2;431360;OUI
W0021;1998;89;58 - Nièvre;Groupe d'indicateurs;Surface;050.10;Occupation du territoire;Sols agricoles;1.2;440623;OUI
W0021;1998;69;69 - Rhône;Groupe d'indicateurs;Surface;050.10;Occupation du territoire;Sols agricoles;1.2;160487;OUI
W0021;1998;NR75;75 - Nouvelle-Aquitaine;Groupe d'indicateurs;Surface;050.10;Occupation du territoire;Cultures annuelles, légumes;1.2.1;1920654;OUI
W0021;1998;NR53;53 - Bretagne;Groupe d'indicateurs;Surface;050.10;Occupation du territoire;Cultures annuelles, légumes;1.2.1;952386;OUI
W0021;1998;NR11;11 - Île-de-France;Groupe d'indicateurs;Surface;050.10;Occupation du territoire;Cultures annuelles, légumes;1.2.1;541495;OUI
W0021;1998;NR27;27 - Bourgogne-Franche-Comté;Groupe d'indicateurs;Surface;050.10;Occupation du territoire;Cultures annuelles, légumes;1.2.1;1039889;OUI
W0021;1998;NR28;28 - Normandie;Groupe d'indicateurs;Surface;050.10;Occupation du territoire;Cultures annuelles, légumes;1.2.1;1019076;OUI
W0021;1998;NR32;32 - Hauts-de-France;Groupe d'indicateurs;Surface;050.10;Occupation du territoire;Cultures annuelles, légumes;1.2.1;1799761;OUI
W0021;1998;NR76;76 - Occitanie;Groupe d'indicateurs;Surface;050.10;Occupation du territoire;Cultures annuelles, légumes;1.2.1;1267537;OUI
W0021;1998;NR93;93 - Provence-Alpes-Côte d'Azur;Groupe d'indicateurs;Surface;050.10;Occupation du territoire;Cultures annuelles, légumes;1.2.1;173818;OUI
W0021;1998;NR24;24 - Centre-Val de Loire;Groupe d'indicateurs;Surface;050.10;Occupation du territoire;Cultures annuelles, légumes;1.2.1;1816681;OUI
W0021;1998;NR44;44 - Grand Est;Groupe d'indicateurs;Surface;050.10;Occupation du territoire;Cultures annuelles, légumes;1.2.1;1949230;OUI
W0021;1998;FR;FR - France entière;Groupe d'indicateurs;Surface;050.10;Occupation du territoire;Cultures annuelles, légumes;1.2.1;-2;OUI
W0021;1998;NR94;94 - Corse;Groupe d'indicateurs;Surface;050.10;Occupation du territoire;Cultures annuelles, légumes;1.2.1;6256;OUI
W0021;1998;METRO;FR métro - France métropolitaine;Groupe d'indicateurs;Surface;050.10;Occupation du territoire;Cultures annuelles, légumes;1.2.1;14176377;OUI
W0021;1998;NR84;84 - Auvergne-Rhône-Alpes;Groupe d'indicateurs;Surface;050.10;Occupation du territoire;Cultures annuelles, légumes;1.2.1;743690;OUI
W0021;1998;NR52;52 - Pays de la Loire;Groupe d'indicateurs;Surface;050.10;Occupation du territoire;Cultures annuelles, légumes;1.2.1;945904;OUI
W0021;1998;NR75;75 - Nouvelle-Aquitaine;Groupe d'indicateurs;Surface;050.10;Occupation du territoire;Cultures permanentes;1.2.2;282652;OUI
W0021;1998;NR28;28 - Normandie;Groupe d'indicateurs;Surface;050.10;Occupation du territoire;Cultures permanentes;1.2.2;43310;OUI
W0021;1998;METRO;FR métro - France métropolitaine;Groupe d'indicateurs;Surface;050.10;Occupation du territoire;Cultures permanentes;1.2.2;1393320;OUI
W0021;1998;NR27;27 - Bourgogne-Franche-Comté;Groupe d'indicateurs;Surface;050.10;Occupation du territoire;Cultures permanentes;1.2.2;43221;OUI
W0021;1998;NR93;93 - Provence-Alpes-Côte d'Azur;Groupe d'indicateurs;Surface;050.10;Occupation du territoire;Cultures permanentes;1.2.2;193151;OUI
W0021;1998;NR24;24 - Centre-Val de Loire;Groupe d'indicateurs;Surface;050.10;Occupation du territoire;Cultures permanentes;1.2.2;39577;OUI
W0021;1998;NR53;53 - Bretagne;Groupe d'indicateurs;Surface;050.10;Occupation du territoire;Cultures permanentes;1.2.2;7753;OUI
W0021;1998;NR76;76 - Occitanie;Groupe d'indicateurs;Surface;050.10;Occupation du territoire;Cultures permanentes;1.2.2;441787;OUI
W0021;1998;NR44;44 - Grand Est;Groupe d'indicateurs;Surface;050.10;Occupation du territoire;Cultures permanentes;1.2.2;84358;OUI
W0021;1998;NR52;52 - Pays de la Loire;Groupe d'indicateurs;Surface;050.10;Occupation du territoire;Cultures permanentes;1.2.2;63501;OUI
W0021;1998;FR;FR - France entière;Groupe d'indicateurs;Surface;050.10;Occupation du territoire;Cultures permanentes;1.2.2;-2;OUI
W0021;1998;NR11;11 - Île-de-France;Groupe d'indicateurs;Surface;050.10;Occupation du territoire;Cultures permanentes;1.2.2;6136;OUI
W0021;1998;NR94;94 - Corse;Groupe d'indicateurs;Surface;050.10;Occupation du territoire;Cultures permanentes;1.2.2;17450;OUI
W0021;1998;NR32;32 - Hauts-de-France;Groupe d'indicateurs;Surface;050.10;Occupation du territoire;Cultures permanentes;1.2.2;10690;OUI
W0021;1998;NR84;84 - Auvergne-Rhône-Alpes;Groupe d'indicateurs;Surface;050.10;Occupation du territoire;Cultures permanentes;1.2.2;159735;OUI
W0021;1998;NR53;53 - Bretagne;Groupe d'indicateurs;Surface;050.10;Occupation du territoire;Autres sols agricoles;1.2.3;13499;OUI
W0021;1998;NR93;93 - Provence-Alpes-Côte d'Azur;Groupe d'indicateurs;Surface;050.10;Occupation du territoire;Autres sols agricoles;1.2.3;14707;OUI
W0021;1998;NR11;11 - Île-de-France;Groupe d'indicateurs;Surface;050.10;Occupation du territoire;Autres sols agricoles;1.2.3;5124;OUI
W0021;1998;NR27;27 - Bourgogne-Franche-Comté;Groupe d'indicateurs;Surface;050.10;Occupation du territoire;Autres sols agricoles;1.2.3;11190;OUI
W0021;1998;NR84;84 - Auvergne-Rhône-Alpes;Groupe d'indicateurs;Surface;050.10;Occupation du territoire;Autres sols agricoles;1.2.3;26714;OUI
W0021;1998;NR32;32 - Hauts-de-France;Groupe d'indicateurs;Surface;050.10;Occupation du territoire;Autres sols agricoles;1.2.3;13403;OUI
W0021;1998;NR24;24 - Centre-Val de Loire;Groupe d'indicateurs;Surface;050.10;Occupation du territoire;Autres sols agricoles;1.2.3;29507;OUI
W0021;1998;NR75;75 - Nouvelle-Aquitaine;Groupe d'indicateurs;Surface;050.10;Occupation du territoire;Autres sols agricoles;1.2.3;53696;OUI
W0021;1998;FR;FR - France entière;Groupe d'indicateurs;Surface;050.10;Occupation du territoire;Autres sols agricoles;1.2.3;-2;OUI
W0021;1998;NR94;94 - Corse;Groupe d'indicateurs;Surface;050.10;Occupation du territoire;Autres sols agricoles;1.2.3;2725;OUI
W0021;1998;NR28;28 - Normandie;Groupe d'indicateurs;Surface;050.10;Occupation du territoire;Autres sols agricoles;1.2.3;17762;OUI
W0021;1998;NR76;76 - Occitanie;Groupe d'indicateurs;Surface;050.10;Occupation du territoire;Autres sols agricoles;1.2.3;24537;OUI
W0021;1998;NR44;44 - Grand Est;Groupe d'indicateurs;Surface;050.10;Occupation du territoire;Autres sols agricoles;1.2.3;36863;OUI
W0021;1998;METRO;FR métro - France métropolitaine;Groupe d'indicateurs;Surface;050.10;Occupation du territoire;Autres sols agricoles;1.2.3;290381;OUI
W0021;1998;NR52;52 - Pays de la Loire;Groupe d'indicateurs;Surface;050.10;Occupation du territoire;Autres sols agricoles;1.2.3;40655;OUI
W0021;1998;NR11;11 - Île-de-France;Groupe d'indicateurs;Surface;050.10;Occupation du territoire;Jachères et prairies temporaires;1.2.4;16779;OUI
W0021;1998;NR84;84 - Auvergne-Rhône-Alpes;Groupe d'indicateurs;Surface;050.10;Occupation du territoire;Jachères et prairies temporaires;1.2.4;478904;OUI
W0021;1998;NR53;53 - Bretagne;Groupe d'indicateurs;Surface;050.10;Occupation du territoire;Jachères et prairies temporaires;1.2.4;614685;OUI
W0021;1998;FR;FR - France entière;Groupe d'indicateurs;Surface;050.10;Occupation du territoire;Jachères et prairies temporaires;1.2.4;-2;OUI
W0021;1998;NR28;28 - Normandie;Groupe d'indicateurs;Surface;050.10;Occupation du territoire;Jachères et prairies temporaires;1.2.4;147764;OUI
W0021;1998;NR52;52 - Pays de la Loire;Groupe d'indicateurs;Surface;050.10;Occupation du territoire;Jachères et prairies temporaires;1.2.4;718030;OUI
W0021;1998;NR75;75 - Nouvelle-Aquitaine;Groupe d'indicateurs;Surface;050.10;Occupation du territoire;Jachères et prairies temporaires;1.2.4;845408;OUI
W0021;1998;NR93;93 - Provence-Alpes-Côte d'Azur;Groupe d'indicateurs;Surface;050.10;Occupation du territoire;Jachères et prairies temporaires;1.2.4;46313;OUI
W0021;1998;NR32;32 - Hauts-de-France;Groupe d'indicateurs;Surface;050.10;Occupation du territoire;Jachères et prairies temporaires;1.2.4;54694;OUI
W0021;1998;METRO;FR métro - France métropolitaine;Groupe d'indicateurs;Surface;050.10;Occupation du territoire;Jachères et prairies temporaires;1.2.4;4010085;OUI
W0021;1998;NR27;27 - Bourgogne-Franche-Comté;Groupe d'indicateurs;Surface;050.10;Occupation du territoire;Jachères et prairies temporaires;1.2.4;125370;OUI
W0021;1998;NR94;94 - Corse;Groupe d'indicateurs;Surface;050.10;Occupation du territoire;Jachères et prairies temporaires;1.2.4;13978;OUI
W0021;1998;NR44;44 - Grand Est;Groupe d'indicateurs;Surface;050.10;Occupation du territoire;Jachères et prairies temporaires;1.2.4;144379;OUI
W0021;1998;NR76;76 - Occitanie;Groupe d'indicateurs;Surface;050.10;Occupation du territoire;Jachères et prairies temporaires;1.2.4;607771;OUI
W0021;1998;NR24;24 - Centre-Val de Loire;Groupe d'indicateurs;Surface;050.10;Occupation du territoire;Jachères et prairies temporaires;1.2.4;196009;OUI
W0021;1998;NR32;32 - Hauts-de-France;Groupe d'indicateurs;Surface;050.10;Occupation du territoire;Surfaces toujours en herbe;1.2.50;413990;OUI
W0021;1998;NR24;24 - Centre-Val de Loire;Groupe d'indicateurs;Surface;050.10;Occupation du territoire;Surfaces toujours en herbe;1.2.50;411939;OUI
W0021;1998;NR44;44 - Grand Est;Groupe d'indicateurs;Surface;050.10;Occupation du territoire;Surfaces toujours en herbe;1.2.50;984071;OUI
W0021;1998;FR;FR - France entière;Groupe d'indicateurs;Surface;050.10;Occupation du territoire;Surfaces toujours en herbe;1.2.50;-2;OUI
W0021;1998;NR76;76 - Occitanie;Groupe d'indicateurs;Surface;050.10;Occupation du territoire;Surfaces toujours en herbe;1.2.50;1164334;OUI
W0021;1998;NR94;94 - Corse;Groupe d'indicateurs;Surface;050.10;Occupation du territoire;Surfaces toujours en herbe;1.2.50;69812;OUI
W0021;1998;METRO;FR métro - France métropolitaine;Groupe d'indicateurs;Surface;050.10;Occupation du territoire;Surfaces toujours en herbe;1.2.50;9647112;OUI
W0021;1998;NR28;28 - Normandie;Groupe d'indicateurs;Surface;050.10;Occupation du territoire;Surfaces toujours en herbe;1.2.50;934907;OUI
W0021;1998;NR84;84 - Auvergne-Rhône-Alpes;Groupe d'indicateurs;Surface;050.10;Occupation du territoire;Surfaces toujours en herbe;1.2.50;1828344;OUI
W0021;1998;NR52;52 - Pays de la Loire;Groupe d'indicateurs;Surface;050.10;Occupation du territoire;Surfaces toujours en herbe;1.2.50;538509;OUI
W0021;1998;NR27;27 - Bourgogne-Franche-Comté;Groupe d'indicateurs;Surface;050.10;Occupation du territoire;Surfaces toujours en herbe;1.2.50;1303836;OUI
W0021;1998;NR11;11 - Île-de-France;Groupe d'indicateurs;Surface;050.10;Occupation du territoire;Surfaces toujours en herbe;1.2.50;44571;OUI
W0021;1998;NR93;93 - Provence-Alpes-Côte d'Azur;Groupe d'indicateurs;Surface;050.10;Occupation du territoire;Surfaces toujours en herbe;1.2.50;450838;OUI
W0021;1998;NR53;53 - Bretagne;Groupe d'indicateurs;Surface;050.10;Occupation du territoire;Surfaces toujours en herbe;1.2.50;274862;OUI
W0021;1998;NR75;75 - Nouvelle-Aquitaine;Groupe d'indicateurs;Surface;050.10;Occupation du territoire;Surfaces toujours en herbe;1.2.50;1227099;OUI
W0021;1998;22;22 - Côtes-d'Armor;Groupe d'indicateurs;Surface;050.10;Occupation du territoire;Sols naturels;1.3;162236;OUI
W0021;1998;12;12 - Aveyron;Groupe d'indicateurs;Surface;050.10;Occupation du territoire;Sols naturels;1.3;340172;OUI
W0021;1998;45;45 - Loiret;Groupe d'indicateurs;Surface;050.10;Occupation du territoire;Sols naturels;1.3;240542;OUI
W0021;1998;47;47 - Lot-et-Garonne;Groupe d'indicateurs;Surface;050.10;Occupation du territoire;Sols naturels;1.3;171659;OUI
W0021;1998;50;50 - Manche;Groupe d'indicateurs;Surface;050.10;Occupation du territoire;Sols naturels;1.3;90317;OUI
W0021;1998;26;26 - Drôme;Groupe d'indicateurs;Surface;050.10;Occupation du territoire;Sols naturels;1.3;385005;OUI
W0021;1998;07;07 - Ardèche;Groupe d'indicateurs;Surface;050.10;Occupation du territoire;Sols naturels;1.3;367644;OUI
W0021;1998;80;80 - Somme;Groupe d'indicateurs;Surface;050.10;Occupation du territoire;Sols naturels;1.3;91850;OUI
W0021;1998;09;09 - Ariège;Groupe d'indicateurs;Surface;050.10;Occupation du territoire;Sols naturels;1.3;283177;OUI
W0021;1998;01;01 - Ain;Groupe d'indicateurs;Surface;050.10;Occupation du territoire;Sols naturels;1.3;256727;OUI
W0021;1998;75;75 - Ville de Paris;Groupe d'indicateurs;Surface;050.10;Occupation du territoire;Sols naturels;1.3;16218;OUI
W0021;1998;60;60 - Oise;Groupe d'indicateurs;Surface;050.10;Occupation du territoire;Sols naturels;1.3;150243;OUI
W0021;1998;14;14 - Calvados;Groupe d'indicateurs;Surface;050.10;Occupation du territoire;Sols naturels;1.3;90074;OUI
W0021;1998;25;70 - Haute-Saône;Groupe d'indicateurs;Surface;050.10;Occupation du territoire;Sols naturels;1.3;263788;OUI
W0021;1998;82;82 - Tarn-et-Garonne;Groupe d'indicateurs;Surface;050.10;Occupation du territoire;Sols naturels;1.3;106291;OUI
W0021;1998;63;63 - Puy-de-Dôme;Groupe d'indicateurs;Surface;050.10;Occupation du territoire;Sols naturels;1.3;337431;OUI
W0021;1998;03;03 - Allier;Groupe d'indicateurs;Surface;050.10;Occupation du territoire;Sols naturels;1.3;190030;OUI
W0021;1998;88;88 - Vosges;Groupe d'indicateurs;Surface;050.10;Occupation du territoire;Sols naturels;1.3;327977;OUI
W0021;1998;83;83 - Var;Groupe d'indicateurs;Surface;050.10;Occupation du territoire;Sols naturels;1.3;484334;OUI
W0021;1998;24;24 - Dordogne;Groupe d'indicateurs;Surface;050.10;Occupation du territoire;Sols naturels;1.3;489770;OUI
W0021;1998;08;08 - Ardennes;Groupe d'indicateurs;Surface;050.10;Occupation du territoire;Sols naturels;1.3;183526;OUI
W0021;1998;32;32 - Gers;Groupe d'indicateurs;Surface;050.10;Occupation du territoire;Sols naturels;1.3;106237;OUI
W0021;1998;38;38 - Isère;Groupe d'indicateurs;Surface;050.10;Occupation du territoire;Sols naturels;1.3;413647;OUI
W0021;1998;05;05 - Hautes-Alpes;Groupe d'indicateurs;Surface;050.10;Occupation du territoire;Sols naturels;1.3;323325;OUI
W0021;1998;06;06 - Alpes-Maritimes;Groupe d'indicateurs;Surface;050.10;Occupation du territoire;Sols naturels;1.3;315981;OUI
W0021;1998;84;84 - Vaucluse;Groupe d'indicateurs;Surface;050.10;Occupation du territoire;Sols naturels;1.3;178181;OUI
W0021;1998;35;35 - Ille-et-Vilaine;Groupe d'indicateurs;Surface;050.10;Occupation du territoire;Sols naturels;1.3;118903;OUI
W0021;1998;17;17 - Charente-Maritime;Groupe d'indicateurs;Surface;050.10;Occupation du territoire;Sols naturels;1.3;159091;OUI
W0021;1998;58;25 - Doubs;Groupe d'indicateurs;Surface;050.10;Occupation du territoire;Sols naturels;1.3;289508;OUI
W0021;1998;31;31 - Haute-Garonne;Groupe d'indicateurs;Surface;050.10;Occupation du territoire;Sols naturels;1.3;177561;OUI
W0021;1998;48;48 - Lozère;Groupe d'indicateurs;Surface;050.10;Occupation du territoire;Sols naturels;1.3;288458;OUI
W0021;1998;86;86 - Vienne;Groupe d'indicateurs;Surface;050.10;Occupation du territoire;Sols naturels;1.3;159573;OUI
W0021;1998;28;28 - Eure-et-Loir;Groupe d'indicateurs;Surface;050.10;Occupation du territoire;Sols naturels;1.3;83710;OUI
W0021;1998;37;37 - Indre-et-Loire;Groupe d'indicateurs;Surface;050.10;Occupation du territoire;Sols naturels;1.3;200593;OUI
W0021;1998;79;79 - Deux-Sèvres;Groupe d'indicateurs;Surface;050.10;Occupation du territoire;Sols naturels;1.3;93142;OUI
W0021;1998;52;52 - Haute-Marne;Groupe d'indicateurs;Surface;050.10;Occupation du territoire;Sols naturels;1.3;280025;OUI
W0021;1998;15;15 - Cantal;Groupe d'indicateurs;Surface;050.10;Occupation du territoire;Sols naturels;1.3;213515;OUI
W0021;1998;21;21 - Côte-d'Or;Groupe d'indicateurs;Surface;050.10;Occupation du territoire;Sols naturels;1.3;368955;OUI
W0021;1998;51;51 - Marne;Groupe d'indicateurs;Surface;050.10;Occupation du territoire;Sols naturels;1.3;192919;OUI
W0021;1998;44;44 - Loire-Atlantique;Groupe d'indicateurs;Surface;050.10;Occupation du territoire;Sols naturels;1.3;166233;OUI
W0021;1998;74;74 - Haute-Savoie;Groupe d'indicateurs;Surface;050.10;Occupation du territoire;Sols naturels;1.3;287759;OUI
W0021;1998;30;30 - Gard;Groupe d'indicateurs;Surface;050.10;Occupation du territoire;Sols naturels;1.3;348965;OUI
W0021;1998;57;57 - Moselle;Groupe d'indicateurs;Surface;050.10;Occupation du territoire;Sols naturels;1.3;240535;OUI
W0021;1998;65;65 - Hautes-Pyrénées;Groupe d'indicateurs;Surface;050.10;Occupation du territoire;Sols naturels;1.3;206172;OUI
W0021;1998;2A;2A - Corse-du-Sud;Groupe d'indicateurs;Surface;050.10;Occupation du territoire;Sols naturels;1.3;372812;OUI
W0021;1998;23;23 - Creuse;Groupe d'indicateurs;Surface;050.10;Occupation du territoire;Sols naturels;1.3;227804;OUI
W0021;1998;54;54 - Meurthe-et-Moselle;Groupe d'indicateurs;Surface;050.10;Occupation du territoire;Sols naturels;1.3;208817;OUI
W0021;1998;91;91 - Essonne;Groupe d'indicateurs;Surface;050.10;Occupation du territoire;Sols naturels;1.3;52964;OUI
W0021;1998;76;76 - Seine-Maritime;Groupe d'indicateurs;Surface;050.10;Occupation du territoire;Sols naturels;1.3;134637;OUI
W0021;1998;27;27 - Eure;Groupe d'indicateurs;Surface;050.10;Occupation du territoire;Sols naturels;1.3;156793;OUI
W0021;1998;NR53;53 - Bretagne;Groupe d'indicateurs;Surface;050.10;Occupation du territoire;Sols naturels;1.3;641031;OUI
W0021;1998;95;95 - Val-d'Oise;Groupe d'indicateurs;Surface;050.10;Occupation du territoire;Sols naturels;1.3;33819;OUI
W0021;1998;70;89 - Yonne;Groupe d'indicateurs;Surface;050.10;Occupation du territoire;Sols naturels;1.3;269329;OUI
W0021;1998;43;43 - Haute-Loire;Groupe d'indicateurs;Surface;050.10;Occupation du territoire;Sols naturels;1.3;241546;OUI
W0021;1998;62;62 - Pas-de-Calais;Groupe d'indicateurs;Surface;050.10;Occupation du territoire;Sols naturels;1.3;94512;OUI
W0021;1998;19;19 - Corrèze;Groupe d'indicateurs;Surface;050.10;Occupation du territoire;Sols naturels;1.3;329579;OUI
W0021;1998;68;68 - Haut-Rhin;Groupe d'indicateurs;Surface;050.10;Occupation du territoire;Sols naturels;1.3;165145;OUI
W0021;1998;49;49 - Maine-et-Loire;Groupe d'indicateurs;Surface;050.10;Occupation du territoire;Sols naturels;1.3;152188;OUI
W0021;1998;42;42 - Loire;Groupe d'indicateurs;Surface;050.10;Occupation du territoire;Sols naturels;1.3;186111;OUI
W0021;1998;40;40 - Landes;Groupe d'indicateurs;Surface;050.10;Occupation du territoire;Sols naturels;1.3;634850;OUI
W0021;1998;NR28;28 - Normandie;Groupe d'indicateurs;Surface;050.10;Occupation du territoire;Sols naturels;1.3;607614;OUI
W0021;1998;NR84;84 - Auvergne-Rhône-Alpes;Groupe d'indicateurs;Surface;050.10;Occupation du territoire;Sols naturels;1.3;3396056;OUI
W0021;1998;36;36 - Indre;Groupe d'indicateurs;Surface;050.10;Occupation du territoire;Sols naturels;1.3;181139;OUI
W0021;1998;73;73 - Savoie;Groupe d'indicateurs;Surface;050.10;Occupation du territoire;Sols naturels;1.3;412568;OUI
W0021;1998;29;29 - Finistère;Groupe d'indicateurs;Surface;050.10;Occupation du territoire;Sols naturels;1.3;163607;OUI
W0021;1998;04;04 - Alpes-de-Haute-Provence;Groupe d'indicateurs;Surface;050.10;Occupation du territoire;Sols naturels;1.3;500131;OUI
W0021;1998;16;16 - Charente;Groupe d'indicateurs;Surface;050.10;Occupation du territoire;Sols naturels;1.3;172498;OUI
W0021;1998;NR94;94 - Corse;Groupe d'indicateurs;Surface;050.10;Occupation du territoire;Sols naturels;1.3;746095;OUI
W0021;1998;55;55 - Meuse;Groupe d'indicateurs;Surface;050.10;Occupation du territoire;Sols naturels;1.3;259310;OUI
W0021;1998;NR93;93 - Provence-Alpes-Côte d'Azur;Groupe d'indicateurs;Surface;050.10;Occupation du territoire;Sols naturels;1.3;2103356;OUI
W0021;1998;NR32;32 - Hauts-de-France;Groupe d'indicateurs;Surface;050.10;Occupation du territoire;Sols naturels;1.3;608393;OUI
W0021;1998;39;71 - Saône-et-Loire;Groupe d'indicateurs;Surface;050.10;Occupation du territoire;Sols naturels;1.3;282549;OUI
W0021;1998;NR24;24 - Centre-Val de Loire;Groupe d'indicateurs;Surface;050.10;Occupation du territoire;Sols naturels;1.3;1202178;OUI
W0021;1998;90;90 - Territoire-de-Belfort;Groupe d'indicateurs;Surface;050.10;Occupation du territoire;Sols naturels;1.3;31833;OUI
W0021;1998;02;02 - Aisne;Groupe d'indicateurs;Surface;050.10;Occupation du territoire;Sols naturels;1.3;182272;OUI
W0021;1998;53;53 - Mayenne;Groupe d'indicateurs;Surface;050.10;Occupation du territoire;Sols naturels;1.3;77124;OUI
W0021;1998;69;69 - Rhône;Groupe d'indicateurs;Surface;050.10;Occupation du territoire;Sols naturels;1.3;104075;OUI
W0021;1998;46;46 - Lot;Groupe d'indicateurs;Surface;050.10;Occupation du territoire;Sols naturels;1.3;303051;OUI
W0021;1998;NR11;11 - Île-de-France;Groupe d'indicateurs;Surface;050.10;Occupation du territoire;Sols naturels;1.3;367419;OUI
W0021;1998;89;58 - Nièvre;Groupe d'indicateurs;Surface;050.10;Occupation du territoire;Sols naturels;1.3;263940;OUI
W0021;1998;2B;2B - Haute-Corse;Groupe d'indicateurs;Surface;050.10;Occupation du territoire;Sols naturels;1.3;373283;OUI
W0021;1998;77;77 - Seine-et-Marne;Groupe d'indicateurs;Surface;050.10;Occupation du territoire;Sols naturels;1.3;173613;OUI
W0021;1998;11;11 - Aude;Groupe d'indicateurs;Surface;050.10;Occupation du territoire;Sols naturels;1.3;366149;OUI
W0021;1998;18;18 - Cher;Groupe d'indicateurs;Surface;050.10;Occupation du territoire;Sols naturels;1.3;232028;OUI
W0021;1998;59;59 - Nord;Groupe d'indicateurs;Surface;050.10;Occupation du territoire;Sols naturels;1.3;89515;OUI
W0021;1998;NR75;75 - Nouvelle-Aquitaine;Groupe d'indicateurs;Surface;050.10;Occupation du territoire;Sols naturels;1.3;3572901;OUI
W0021;1998;61;61 - Orne;Groupe d'indicateurs;Surface;050.10;Occupation du territoire;Sols naturels;1.3;135794;OUI
W0021;1998;56;56 - Morbihan;Groupe d'indicateurs;Surface;050.10;Occupation du territoire;Sols naturels;1.3;196286;OUI
W0021;1998;33;33 - Gironde;Groupe d'indicateurs;Surface;050.10;Occupation du territoire;Sols naturels;1.3;601346;OUI
W0021;1998;NR52;52 - Pays de la Loire;Groupe d'indicateurs;Surface;050.10;Occupation du territoire;Sols naturels;1.3;673666;OUI
W0021;1998;10;10 - Aube;Groupe d'indicateurs;Surface;050.10;Occupation du territoire;Sols naturels;1.3;175624;OUI
W0021;1998;81;81 - Tarn;Groupe d'indicateurs;Surface;050.10;Occupation du territoire;Sols naturels;1.3;228289;OUI
W0021;1998;66;66 - Pyrénées-Orientales;Groupe d'indicateurs;Surface;050.10;Occupation du territoire;Sols naturels;1.3;281341;OUI
W0021;1998;NR27;27 - Bourgogne-Franche-Comté;Groupe d'indicateurs;Surface;050.10;Occupation du territoire;Sols naturels;1.3;2033078;OUI
W0021;1998;78;78 - Yvelines;Groupe d'indicateurs;Surface;050.10;Occupation du territoire;Sols naturels;1.3;90805;OUI
W0021;1998;41;41 - Loir-et-Cher;Groupe d'indicateurs;Surface;050.10;Occupation du territoire;Sols naturels;1.3;264165;OUI
W0021;1998;64;64 - Pyrénées-Atlantiques;Groupe d'indicateurs;Surface;050.10;Occupation du territoire;Sols naturels;1.3;319127;OUI
W0021;1998;71;39 - Jura;Groupe d'indicateurs;Surface;050.10;Occupation du territoire;Sols naturels;1.3;263176;OUI
W0021;1998;NR76;76 - Occitanie;Groupe d'indicateurs;Surface;050.10;Occupation du territoire;Sols naturels;1.3;3413941;OUI
W0021;1998;13;13 - Bouches-du-Rhône;Groupe d'indicateurs;Surface;050.10;Occupation du territoire;Sols naturels;1.3;301405;OUI
W0021;1998;NR44;44 - Grand Est;Groupe d'indicateurs;Surface;050.10;Occupation du territoire;Sols naturels;1.3;2241819;OUI
W0021;1998;METRO;FR métro - France métropolitaine;Groupe d'indicateurs;Surface;050.10;Occupation du territoire;Sols naturels;1.3;21607548;OUI
W0021;1998;85;85 - Vendée;Groupe d'indicateurs;Surface;050.10;Occupation du territoire;Sols naturels;1.3;118783;OUI
W0021;1998;34;34 - Hérault;Groupe d'indicateurs;Surface;050.10;Occupation du territoire;Sols naturels;1.3;378078;OUI
W0021;1998;87;87 - Haute-Vienne;Groupe d'indicateurs;Surface;050.10;Occupation du territoire;Sols naturels;1.3;214462;OUI
W0021;1998;67;67 - Bas-Rhin;Groupe d'indicateurs;Surface;050.10;Occupation du territoire;Sols naturels;1.3;207941;OUI
W0021;1998;72;72 - Sarthe;Groupe d'indicateurs;Surface;050.10;Occupation du territoire;Sols naturels;1.3;159337;OUI
W0021;1998;FR;FR - France entière;Groupe d'indicateurs;Surface;050.10;Occupation du territoire;Sols naturels;1.3;-2;OUI
W0021;1998;NR44;44 - Grand Est;Groupe d'indicateurs;Surface;050.10;Occupation du territoire;Forêts;1.3.1;1980701;OUI
W0021;1998;NR93;93 - Provence-Alpes-Côte d'Azur;Groupe d'indicateurs;Surface;050.10;Occupation du territoire;Forêts;1.3.1;1465396;OUI
W0021;1998;NR94;94 - Corse;Groupe d'indicateurs;Surface;050.10;Occupation du territoire;Forêts;1.3.1;454907;OUI
W0021;1998;NR24;24 - Centre-Val de Loire;Groupe d'indicateurs;Surface;050.10;Occupation du territoire;Forêts;1.3.1;956828;OUI
W0021;1998;NR52;52 - Pays de la Loire;Groupe d'indicateurs;Surface;050.10;Occupation du territoire;Forêts;1.3.1;363766;OUI
W0021;1998;NR75;75 - Nouvelle-Aquitaine;Groupe d'indicateurs;Surface;050.10;Occupation du territoire;Forêts;1.3.1;2826109;OUI
W0021;1998;NR76;76 - Occitanie;Groupe d'indicateurs;Surface;050.10;Occupation du territoire;Forêts;1.3.1;2441439;OUI
W0021;1998;NR28;28 - Normandie;Groupe d'indicateurs;Surface;050.10;Occupation du territoire;Forêts;1.3.1;389881;OUI
W0021;1998;METRO;FR métro - France métropolitaine;Groupe d'indicateurs;Surface;050.10;Occupation du territoire;Forêts;1.3.1;16260776;OUI
W0021;1998;NR27;27 - Bourgogne-Franche-Comté;Groupe d'indicateurs;Surface;050.10;Occupation du territoire;Forêts;1.3.1;1746623;OUI
W0021;1998;NR32;32 - Hauts-de-France;Groupe d'indicateurs;Surface;050.10;Occupation du territoire;Forêts;1.3.1;445606;OUI
W0021;1998;NR11;11 - Île-de-France;Groupe d'indicateurs;Surface;050.10;Occupation du territoire;Forêts;1.3.1;284767;OUI
W0021;1998;NR84;84 - Auvergne-Rhône-Alpes;Groupe d'indicateurs;Surface;050.10;Occupation du territoire;Forêts;1.3.1;2522057;OUI
W0021;1998;FR;FR - France entière;Groupe d'indicateurs;Surface;050.10;Occupation du territoire;Forêts;1.3.1;-2;OUI
W0021;1998;NR53;53 - Bretagne;Groupe d'indicateurs;Surface;050.10;Occupation du territoire;Forêts;1.3.1;382696;OUI
W0021;1998;NR94;94 - Corse;Groupe d'indicateurs;Surface;050.10;Occupation du territoire;Autres sols boisés;1.3.2;36741;OUI
W0021;1998;NR28;28 - Normandie;Groupe d'indicateurs;Surface;050.10;Occupation du territoire;Autres sols boisés;1.3.2;147395;OUI
W0021;1998;NR24;24 - Centre-Val de Loire;Groupe d'indicateurs;Surface;050.10;Occupation du territoire;Autres sols boisés;1.3.2;95460;OUI
W0021;1998;NR27;27 - Bourgogne-Franche-Comté;Groupe d'indicateurs;Surface;050.10;Occupation du territoire;Autres sols boisés;1.3.2;155312;OUI
W0021;1998;NR52;52 - Pays de la Loire;Groupe d'indicateurs;Surface;050.10;Occupation du territoire;Autres sols boisés;1.3.2;173304;OUI
W0021;1998;METRO;FR métro - France métropolitaine;Groupe d'indicateurs;Surface;050.10;Occupation du territoire;Autres sols boisés;1.3.2;1909652;OUI
W0021;1998;NR53;53 - Bretagne;Groupe d'indicateurs;Surface;050.10;Occupation du territoire;Autres sols boisés;1.3.2;138832;OUI
W0021;1998;NR75;75 - Nouvelle-Aquitaine;Groupe d'indicateurs;Surface;050.10;Occupation du territoire;Autres sols boisés;1.3.2;343463;OUI
W0021;1998;NR32;32 - Hauts-de-France;Groupe d'indicateurs;Surface;050.10;Occupation du territoire;Autres sols boisés;1.3.2;77519;OUI
W0021;1998;NR11;11 - Île-de-France;Groupe d'indicateurs;Surface;050.10;Occupation du territoire;Autres sols boisés;1.3.2;29230;OUI
W0021;1998;NR93;93 - Provence-Alpes-Côte d'Azur;Groupe d'indicateurs;Surface;050.10;Occupation du territoire;Autres sols boisés;1.3.2;108640;OUI
W0021;1998;NR84;84 - Auvergne-Rhône-Alpes;Groupe d'indicateurs;Surface;050.10;Occupation du territoire;Autres sols boisés;1.3.2;253927;OUI
W0021;1998;FR;FR - France entière;Groupe d'indicateurs;Surface;050.10;Occupation du territoire;Autres sols boisés;1.3.2;-2;OUI
W0021;1998;NR44;44 - Grand Est;Groupe d'indicateurs;Surface;050.10;Occupation du territoire;Autres sols boisés;1.3.2;111985;OUI
W0021;1998;NR76;76 - Occitanie;Groupe d'indicateurs;Surface;050.10;Occupation du territoire;Autres sols boisés;1.3.2;237844;OUI
W0021;1998;FR;FR - France entière;Groupe d'indicateurs;Surface;050.10;Occupation du territoire;Landes, friches, maquis, garrigues, savanes;1.3.40;-2;OUI
W0021;1998;NR11;11 - Île-de-France;Groupe d'indicateurs;Surface;050.10;Occupation du territoire;Landes, friches, maquis, garrigues, savanes;1.3.40;32190;OUI
W0021;1998;NR94;94 - Corse;Groupe d'indicateurs;Surface;050.10;Occupation du territoire;Landes, friches, maquis, garrigues, savanes;1.3.40;188432;OUI
W0021;1998;NR52;52 - Pays de la Loire;Groupe d'indicateurs;Surface;050.10;Occupation du territoire;Landes, friches, maquis, garrigues, savanes;1.3.40;55234;OUI
W0021;1998;NR53;53 - Bretagne;Groupe d'indicateurs;Surface;050.10;Occupation du territoire;Landes, friches, maquis, garrigues, savanes;1.3.40;82169;OUI
W0021;1998;NR32;32 - Hauts-de-France;Groupe d'indicateurs;Surface;050.10;Occupation du territoire;Landes, friches, maquis, garrigues, savanes;1.3.40;48457;OUI
W0021;1998;NR76;76 - Occitanie;Groupe d'indicateurs;Surface;050.10;Occupation du territoire;Landes, friches, maquis, garrigues, savanes;1.3.40;529765;OUI
W0021;1998;NR93;93 - Provence-Alpes-Côte d'Azur;Groupe d'indicateurs;Surface;050.10;Occupation du territoire;Landes, friches, maquis, garrigues, savanes;1.3.40;281539;OUI
W0021;1998;NR84;84 - Auvergne-Rhône-Alpes;Groupe d'indicateurs;Surface;050.10;Occupation du territoire;Landes, friches, maquis, garrigues, savanes;1.3.40;268411;OUI
W0021;1998;NR44;44 - Grand Est;Groupe d'indicateurs;Surface;050.10;Occupation du territoire;Landes, friches, maquis, garrigues, savanes;1.3.40;68606;OUI
W0021;1998;METRO;FR métro - France métropolitaine;Groupe d'indicateurs;Surface;050.10;Occupation du territoire;Landes, friches, maquis, garrigues, savanes;1.3.40;1995073;OUI
W0021;1998;NR75;75 - Nouvelle-Aquitaine;Groupe d'indicateurs;Surface;050.10;Occupation du territoire;Landes, friches, maquis, garrigues, savanes;1.3.40;245131;OUI
W0021;1998;NR27;27 - Bourgogne-Franche-Comté;Groupe d'indicateurs;Surface;050.10;Occupation du territoire;Landes, friches, maquis, garrigues, savanes;1.3.40;74628;OUI
W0021;1998;NR24;24 - Centre-Val de Loire;Groupe d'indicateurs;Surface;050.10;Occupation du territoire;Landes, friches, maquis, garrigues, savanes;1.3.40;78511;OUI
W0021;1998;NR28;28 - Normandie;Groupe d'indicateurs;Surface;050.10;Occupation du territoire;Landes, friches, maquis, garrigues, savanes;1.3.40;42000;OUI
W0021;1998;NR52;52 - Pays de la Loire;Groupe d'indicateurs;Surface;050.10;Occupation du territoire;Sols nus naturels;1.3.60;1880;OUI
W0021;1998;NR84;84 - Auvergne-Rhône-Alpes;Groupe d'indicateurs;Surface;050.10;Occupation du territoire;Sols nus naturels;1.3.60;204001;OUI
W0021;1998;NR24;24 - Centre-Val de Loire;Groupe d'indicateurs;Surface;050.10;Occupation du territoire;Sols nus naturels;1.3.60;643;OUI
W0021;1998;NR32;32 - Hauts-de-France;Groupe d'indicateurs;Surface;050.10;Occupation du territoire;Sols nus naturels;1.3.60;5151;OUI
W0021;1998;FR;FR - France entière;Groupe d'indicateurs;Surface;050.10;Occupation du territoire;Sols nus naturels;1.3.60;-2;OUI
W0021;1998;NR76;76 - Occitanie;Groupe d'indicateurs;Surface;050.10;Occupation du territoire;Sols nus naturels;1.3.60;75654;OUI
W0021;1998;NR75;75 - Nouvelle-Aquitaine;Groupe d'indicateurs;Surface;050.10;Occupation du territoire;Sols nus naturels;1.3.60;19702;OUI
W0021;1998;NR27;27 - Bourgogne-Franche-Comté;Groupe d'indicateurs;Surface;050.10;Occupation du territoire;Sols nus naturels;1.3.60;2519;OUI
W0021;1998;NR53;53 - Bretagne;Groupe d'indicateurs;Surface;050.10;Occupation du territoire;Sols nus naturels;1.3.60;6309;OUI
W0021;1998;NR28;28 - Normandie;Groupe d'indicateurs;Surface;050.10;Occupation du territoire;Sols nus naturels;1.3.60;3125;OUI
W0021;1998;NR93;93 - Provence-Alpes-Côte d'Azur;Groupe d'indicateurs;Surface;050.10;Occupation du territoire;Sols nus naturels;1.3.60;144033;OUI
W0021;1998;NR11;11 - Île-de-France;Groupe d'indicateurs;Surface;050.10;Occupation du territoire;Sols nus naturels;1.3.60;3793;OUI
W0021;1998;NR44;44 - Grand Est;Groupe d'indicateurs;Surface;050.10;Occupation du territoire;Sols nus naturels;1.3.60;2241;OUI
W0021;1998;METRO;FR métro - France métropolitaine;Groupe d'indicateurs;Surface;050.10;Occupation du territoire;Sols nus naturels;1.3.60;519090;OUI
W0021;1998;NR94;94 - Corse;Groupe d'indicateurs;Surface;050.10;Occupation du territoire;Sols nus naturels;1.3.60;50038;OUI
W0021;1998;NR28;28 - Normandie;Groupe d'indicateurs;Surface;050.10;Occupation du territoire;Sous les eaux;1.3.70;25213;OUI
W0021;1998;NR52;52 - Pays de la Loire;Groupe d'indicateurs;Surface;050.10;Occupation du territoire;Sous les eaux;1.3.70;79483;OUI
W0021;1998;METRO;FR métro - France métropolitaine;Groupe d'indicateurs;Surface;050.10;Occupation du territoire;Sous les eaux;1.3.70;922957;OUI
W0021;1998;NR44;44 - Grand Est;Groupe d'indicateurs;Surface;050.10;Occupation du territoire;Sous les eaux;1.3.70;78286;OUI
W0021;1998;NR76;76 - Occitanie;Groupe d'indicateurs;Surface;050.10;Occupation du territoire;Sous les eaux;1.3.70;129240;OUI
W0021;1998;NR75;75 - Nouvelle-Aquitaine;Groupe d'indicateurs;Surface;050.10;Occupation du territoire;Sous les eaux;1.3.70;138497;OUI
W0021;1998;NR24;24 - Centre-Val de Loire;Groupe d'indicateurs;Surface;050.10;Occupation du territoire;Sous les eaux;1.3.70;70735;OUI
W0021;1998;NR94;94 - Corse;Groupe d'indicateurs;Surface;050.10;Occupation du territoire;Sous les eaux;1.3.70;15978;OUI
W0021;1998;NR53;53 - Bretagne;Groupe d'indicateurs;Surface;050.10;Occupation du territoire;Sous les eaux;1.3.70;31024;OUI
W0021;1998;NR11;11 - Île-de-France;Groupe d'indicateurs;Surface;050.10;Occupation du territoire;Sous les eaux;1.3.70;17440;OUI
W0021;1998;NR32;32 - Hauts-de-France;Groupe d'indicateurs;Surface;050.10;Occupation du territoire;Sous les eaux;1.3.70;31659;OUI
W0021;1998;FR;FR - France entière;Groupe d'indicateurs;Surface;050.10;Occupation du territoire;Sous les eaux;1.3.70;-2;OUI
W0021;1998;NR27;27 - Bourgogne-Franche-Comté;Groupe d'indicateurs;Surface;050.10;Occupation du territoire;Sous les eaux;1.3.70;53995;OUI
W0021;1998;NR84;84 - Auvergne-Rhône-Alpes;Groupe d'indicateurs;Surface;050.10;Occupation du territoire;Sous les eaux;1.3.70;147660;OUI
W0021;1998;NR93;93 - Provence-Alpes-Côte d'Azur;Groupe d'indicateurs;Surface;050.10;Occupation du territoire;Sous les eaux;1.3.70;103749;OUI
