NOM;ANNREF;GEOGRAPHIE;GEOGRAPHIE_LIB;N027;N027_LIB;N027_MOD;N053;N053_LIB;N053_MOD;N405;N405_LIB;N405_MOD;VALEUR;QUALITE
VOLAILLES_ECLOS;2020;FR;FR - France entière;Groupe d'indicateurs;Solde des échanges de poussins (nombre d'animaux);010.15.03.04;Périodicité;Total annuel;0;Conjoncture animale;Volailles;7;39568;OUI
VOLAILLES_ECLOS;2020;FR;FR - France entière;Groupe d'indicateurs;Éclosions de poussins (nombre d'animaux);010.17.01;Périodicité;Janvier;0.01;Conjoncture animale;Volailles;7;91703;OUI
VOLAILLES_ECLOS;2020;FR;FR - France entière;Groupe d'indicateurs;Éclosions de poussins (nombre d'animaux);010.17.01;Périodicité;Juillet;0.07;Conjoncture animale;Volailles;7;90664;OUI
VOLAILLES_ECLOS;2020;FR;FR - France entière;Groupe d'indicateurs;Mise en place de poussins (y.c. poules reproductrices);010.17.02;Périodicité;Janvier;0.01;Conjoncture animale;Volailles;7;88739;OUI
VOLAILLES_ECLOS;2020;FR;FR - France entière;Groupe d'indicateurs;Solde des échanges de poussins (nombre d'animaux);010.15.03.04;Périodicité;Novembre;0.11;Conjoncture animale;Volailles;7;3247;OUI
VOLAILLES_ECLOS;2020;FR;FR - France entière;Groupe d'indicateurs;Solde des échanges de poussins (nombre d'animaux);010.15.03.04;Périodicité;Février;0.02;Conjoncture animale;Volailles;7;3251;OUI
VOLAILLES_ECLOS;2020;FR;FR - France entière;Groupe d'indicateurs;Éclosions de poussins (nombre d'animaux);010.17.01;Périodicité;Mars;0.03;Conjoncture animale;Volailles;7;87842;OUI
VOLAILLES_ECLOS;2020;FR;FR - France entière;Groupe d'indicateurs;Éclosions de poussins (nombre d'animaux);010.17.01;Périodicité;Août;0.08;Conjoncture animale;Volailles;7;85972;OUI
VOLAILLES_ECLOS;2020;FR;FR - France entière;Groupe d'indicateurs;Mise en place de poussins (y.c. poules reproductrices);010.17.02;Périodicité;Août;0.08;Conjoncture animale;Volailles;7;82449;OUI
VOLAILLES_ECLOS;2020;FR;FR - France entière;Groupe d'indicateurs;Éclosions de poussins (nombre d'animaux);010.17.01;Périodicité;Février;0.02;Conjoncture animale;Volailles;7;80980;OUI
VOLAILLES_ECLOS;2020;FR;FR - France entière;Groupe d'indicateurs;Solde des échanges de poussins (nombre d'animaux);010.15.03.04;Périodicité;Mars;0.03;Conjoncture animale;Volailles;7;2405;OUI
VOLAILLES_ECLOS;2020;FR;FR - France entière;Groupe d'indicateurs;Solde des échanges de poussins (nombre d'animaux);010.15.03.04;Périodicité;Mai;0.05;Conjoncture animale;Volailles;7;4060;OUI
VOLAILLES_ECLOS;2020;FR;FR - France entière;Groupe d'indicateurs;Mise en place de poussins (y.c. poules reproductrices);010.17.02;Périodicité;Avril;0.04;Conjoncture animale;Volailles;7;86349;OUI
VOLAILLES_ECLOS;2020;FR;FR - France entière;Groupe d'indicateurs;Mise en place de poussins (y.c. poules reproductrices);010.17.02;Périodicité;Décembre;0.12;Conjoncture animale;Volailles;7;87982;OUI
VOLAILLES_ECLOS;2020;FR;FR - France entière;Groupe d'indicateurs;Mise en place de poussins (y.c. poules reproductrices);010.17.02;Périodicité;Mai;0.05;Conjoncture animale;Volailles;7;80216;OUI
VOLAILLES_ECLOS;2020;FR;FR - France entière;Groupe d'indicateurs;Solde des échanges de poussins (nombre d'animaux);010.15.03.04;Périodicité;Octobre;0.10;Conjoncture animale;Volailles;7;3341;OUI
VOLAILLES_ECLOS;2020;FR;FR - France entière;Groupe d'indicateurs;Mise en place de poussins (y.c. poules reproductrices);010.17.02;Périodicité;Mars;0.03;Conjoncture animale;Volailles;7;85437;OUI
VOLAILLES_ECLOS;2020;FR;FR - France entière;Groupe d'indicateurs;Solde des échanges de poussins (nombre d'animaux);010.15.03.04;Périodicité;Juillet;0.07;Conjoncture animale;Volailles;7;3499;OUI
VOLAILLES_ECLOS;2020;FR;FR - France entière;Groupe d'indicateurs;Mise en place de poussins (y.c. poules reproductrices);010.17.02;Périodicité;Juillet;0.07;Conjoncture animale;Volailles;7;87166;OUI
VOLAILLES_ECLOS;2020;FR;FR - France entière;Groupe d'indicateurs;Solde des échanges de poussins (nombre d'animaux);010.15.03.04;Périodicité;Décembre;0.12;Conjoncture animale;Volailles;7;1897;OUI
VOLAILLES_ECLOS;2020;FR;FR - France entière;Groupe d'indicateurs;Éclosions de poussins (nombre d'animaux);010.17.01;Périodicité;Total annuel;0;Conjoncture animale;Volailles;7;1044838;OUI
VOLAILLES_ECLOS;2020;FR;FR - France entière;Groupe d'indicateurs;Solde des échanges de poussins (nombre d'animaux);010.15.03.04;Périodicité;Juin;0.06;Conjoncture animale;Volailles;7;4290;OUI
VOLAILLES_ECLOS;2020;FR;FR - France entière;Groupe d'indicateurs;Éclosions de poussins (nombre d'animaux);010.17.01;Périodicité;Mai;0.05;Conjoncture animale;Volailles;7;84276;OUI
VOLAILLES_ECLOS;2020;FR;FR - France entière;Groupe d'indicateurs;Mise en place de poussins (y.c. poules reproductrices);010.17.02;Périodicité;Juin;0.06;Conjoncture animale;Volailles;7;86987;OUI
VOLAILLES_ECLOS;2020;FR;FR - France entière;Groupe d'indicateurs;Mise en place de poussins (y.c. poules reproductrices);010.17.02;Périodicité;Novembre;0.11;Conjoncture animale;Volailles;7;71008;OUI
VOLAILLES_ECLOS;2020;FR;FR - France entière;Groupe d'indicateurs;Éclosions de poussins (nombre d'animaux);010.17.01;Périodicité;Octobre;0.10;Conjoncture animale;Volailles;7;86369;OUI
VOLAILLES_ECLOS;2020;FR;FR - France entière;Groupe d'indicateurs;Éclosions de poussins (nombre d'animaux);010.17.01;Périodicité;Avril;0.04;Conjoncture animale;Volailles;7;89787;OUI
VOLAILLES_ECLOS;2020;FR;FR - France entière;Groupe d'indicateurs;Solde des échanges de poussins (nombre d'animaux);010.15.03.04;Périodicité;Septembre;0.09;Conjoncture animale;Volailles;7;3653;OUI
VOLAILLES_ECLOS;2020;FR;FR - France entière;Groupe d'indicateurs;Solde des échanges de poussins (nombre d'animaux);010.15.03.04;Périodicité;Janvier;0.01;Conjoncture animale;Volailles;7;2964;OUI
VOLAILLES_ECLOS;2020;FR;FR - France entière;Groupe d'indicateurs;Mise en place de poussins (y.c. poules reproductrices);010.17.02;Périodicité;Février;0.02;Conjoncture animale;Volailles;7;77729;OUI
VOLAILLES_ECLOS;2020;FR;FR - France entière;Groupe d'indicateurs;Solde des échanges de poussins (nombre d'animaux);010.15.03.04;Périodicité;Août;0.08;Conjoncture animale;Volailles;7;3523;OUI
VOLAILLES_ECLOS;2020;FR;FR - France entière;Groupe d'indicateurs;Éclosions de poussins (nombre d'animaux);010.17.01;Périodicité;Décembre;0.12;Conjoncture animale;Volailles;7;89879;OUI
VOLAILLES_ECLOS;2020;FR;FR - France entière;Groupe d'indicateurs;Mise en place de poussins (y.c. poules reproductrices);010.17.02;Périodicité;Septembre;0.09;Conjoncture animale;Volailles;7;88181;OUI
VOLAILLES_ECLOS;2020;FR;FR - France entière;Groupe d'indicateurs;Solde des échanges de poussins (nombre d'animaux);010.15.03.04;Périodicité;Avril;0.04;Conjoncture animale;Volailles;7;3438;OUI
VOLAILLES_ECLOS;2020;FR;FR - France entière;Groupe d'indicateurs;Éclosions de poussins (nombre d'animaux);010.17.01;Périodicité;Novembre;0.11;Conjoncture animale;Volailles;7;74255;OUI
VOLAILLES_ECLOS;2020;FR;FR - France entière;Groupe d'indicateurs;Mise en place de poussins (y.c. poules reproductrices);010.17.02;Périodicité;Total annuel;0;Conjoncture animale;Volailles;7;1005271;OUI
VOLAILLES_ECLOS;2020;FR;FR - France entière;Groupe d'indicateurs;Éclosions de poussins (nombre d'animaux);010.17.01;Périodicité;Septembre;0.09;Conjoncture animale;Volailles;7;91835;OUI
VOLAILLES_ECLOS;2020;FR;FR - France entière;Groupe d'indicateurs;Éclosions de poussins (nombre d'animaux);010.17.01;Périodicité;Juin;0.06;Conjoncture animale;Volailles;7;91277;OUI
VOLAILLES_ECLOS;2020;FR;FR - France entière;Groupe d'indicateurs;Mise en place de poussins (y.c. poules reproductrices);010.17.02;Périodicité;Octobre;0.10;Conjoncture animale;Volailles;7;83028;OUI
VOLAILLES_ECLOS;2020;FR;FR - France entière;Groupe d'indicateurs;Solde des échanges de poussins (nombre d'animaux);010.15.03.04;Périodicité;Mai;0.05;Conjoncture animale;Gallus;7.11;1373;OUI
VOLAILLES_ECLOS;2020;FR;FR - France entière;Groupe d'indicateurs;Éclosions de poussins (nombre d'animaux);010.17.01;Périodicité;Avril;0.04;Conjoncture animale;Gallus;7.11;77988;OUI
VOLAILLES_ECLOS;2020;FR;FR - France entière;Groupe d'indicateurs;Solde des échanges de poussins (nombre d'animaux);010.15.03.04;Périodicité;Décembre;0.12;Conjoncture animale;Gallus;7.11;453;OUI
VOLAILLES_ECLOS;2020;FR;FR - France entière;Groupe d'indicateurs;Solde des échanges de poussins (nombre d'animaux);010.15.03.04;Périodicité;Mars;0.03;Conjoncture animale;Gallus;7.11;333;OUI
VOLAILLES_ECLOS;2020;FR;FR - France entière;Groupe d'indicateurs;Mise en place de poussins (y.c. poules reproductrices);010.17.02;Périodicité;Avril;0.04;Conjoncture animale;Gallus;7.11;76568;OUI
VOLAILLES_ECLOS;2020;FR;FR - France entière;Groupe d'indicateurs;Solde des échanges de poussins (nombre d'animaux);010.15.03.04;Périodicité;Janvier;0.01;Conjoncture animale;Gallus;7.11;812;OUI
VOLAILLES_ECLOS;2020;FR;FR - France entière;Groupe d'indicateurs;Mise en place de poussins (y.c. poules reproductrices);010.17.02;Périodicité;Août;0.08;Conjoncture animale;Gallus;7.11;71340;OUI
VOLAILLES_ECLOS;2020;FR;FR - France entière;Groupe d'indicateurs;Mise en place de poussins (y.c. poules reproductrices);010.17.02;Périodicité;Février;0.02;Conjoncture animale;Gallus;7.11;67352;OUI
VOLAILLES_ECLOS;2020;FR;FR - France entière;Groupe d'indicateurs;Mise en place de poussins (y.c. poules reproductrices);010.17.02;Périodicité;Septembre;0.09;Conjoncture animale;Gallus;7.11;73785;OUI
VOLAILLES_ECLOS;2020;FR;FR - France entière;Groupe d'indicateurs;Mise en place de poussins (y.c. poules reproductrices);010.17.02;Périodicité;Juillet;0.07;Conjoncture animale;Gallus;7.11;75339;OUI
VOLAILLES_ECLOS;2020;FR;FR - France entière;Groupe d'indicateurs;Solde des échanges de poussins (nombre d'animaux);010.15.03.04;Périodicité;Juillet;0.07;Conjoncture animale;Gallus;7.11;1765;OUI
VOLAILLES_ECLOS;2020;FR;FR - France entière;Groupe d'indicateurs;Solde des échanges de poussins (nombre d'animaux);010.15.03.04;Périodicité;Septembre;0.09;Conjoncture animale;Gallus;7.11;1837;OUI
VOLAILLES_ECLOS;2020;FR;FR - France entière;Groupe d'indicateurs;Mise en place de poussins (y.c. poules reproductrices);010.17.02;Périodicité;Mars;0.03;Conjoncture animale;Gallus;7.11;74424;OUI
VOLAILLES_ECLOS;2020;FR;FR - France entière;Groupe d'indicateurs;Solde des échanges de poussins (nombre d'animaux);010.15.03.04;Périodicité;Juin;0.06;Conjoncture animale;Gallus;7.11;2165;OUI
VOLAILLES_ECLOS;2020;FR;FR - France entière;Groupe d'indicateurs;Solde des échanges de poussins (nombre d'animaux);010.15.03.04;Périodicité;Novembre;0.11;Conjoncture animale;Gallus;7.11;1709;OUI
VOLAILLES_ECLOS;2020;FR;FR - France entière;Groupe d'indicateurs;Éclosions de poussins (nombre d'animaux);010.17.01;Périodicité;Mars;0.03;Conjoncture animale;Gallus;7.11;74757;OUI
VOLAILLES_ECLOS;2020;FR;FR - France entière;Groupe d'indicateurs;Mise en place de poussins (y.c. poules reproductrices);010.17.02;Périodicité;Janvier;0.01;Conjoncture animale;Gallus;7.11;77117;OUI
VOLAILLES_ECLOS;2020;FR;FR - France entière;Groupe d'indicateurs;Éclosions de poussins (nombre d'animaux);010.17.01;Périodicité;Total annuel;0;Conjoncture animale;Gallus;7.11;892131;OUI
VOLAILLES_ECLOS;2020;FR;FR - France entière;Groupe d'indicateurs;Éclosions de poussins (nombre d'animaux);010.17.01;Périodicité;Janvier;0.01;Conjoncture animale;Gallus;7.11;77929;OUI
VOLAILLES_ECLOS;2020;FR;FR - France entière;Groupe d'indicateurs;Éclosions de poussins (nombre d'animaux);010.17.01;Périodicité;Novembre;0.11;Conjoncture animale;Gallus;7.11;64146;OUI
VOLAILLES_ECLOS;2020;FR;FR - France entière;Groupe d'indicateurs;Éclosions de poussins (nombre d'animaux);010.17.01;Périodicité;Juillet;0.07;Conjoncture animale;Gallus;7.11;77104;OUI
VOLAILLES_ECLOS;2020;FR;FR - France entière;Groupe d'indicateurs;Éclosions de poussins (nombre d'animaux);010.17.01;Périodicité;Février;0.02;Conjoncture animale;Gallus;7.11;68389;OUI
VOLAILLES_ECLOS;2020;FR;FR - France entière;Groupe d'indicateurs;Mise en place de poussins (y.c. poules reproductrices);010.17.02;Périodicité;Décembre;0.12;Conjoncture animale;Gallus;7.11;76746;OUI
VOLAILLES_ECLOS;2020;FR;FR - France entière;Groupe d'indicateurs;Éclosions de poussins (nombre d'animaux);010.17.01;Périodicité;Octobre;0.10;Conjoncture animale;Gallus;7.11;74461;OUI
VOLAILLES_ECLOS;2020;FR;FR - France entière;Groupe d'indicateurs;Mise en place de poussins (y.c. poules reproductrices);010.17.02;Périodicité;Novembre;0.11;Conjoncture animale;Gallus;7.11;62437;OUI
VOLAILLES_ECLOS;2020;FR;FR - France entière;Groupe d'indicateurs;Mise en place de poussins (y.c. poules reproductrices);010.17.02;Périodicité;Mai;0.05;Conjoncture animale;Gallus;7.11;72286;OUI
VOLAILLES_ECLOS;2020;FR;FR - France entière;Groupe d'indicateurs;Solde des échanges de poussins (nombre d'animaux);010.15.03.04;Périodicité;Avril;0.04;Conjoncture animale;Gallus;7.11;1420;OUI
VOLAILLES_ECLOS;2020;FR;FR - France entière;Groupe d'indicateurs;Solde des échanges de poussins (nombre d'animaux);010.15.03.04;Périodicité;Février;0.02;Conjoncture animale;Gallus;7.11;1037;OUI
VOLAILLES_ECLOS;2020;FR;FR - France entière;Groupe d'indicateurs;Éclosions de poussins (nombre d'animaux);010.17.01;Périodicité;Août;0.08;Conjoncture animale;Gallus;7.11;73008;OUI
VOLAILLES_ECLOS;2020;FR;FR - France entière;Groupe d'indicateurs;Éclosions de poussins (nombre d'animaux);010.17.01;Périodicité;Juin;0.06;Conjoncture animale;Gallus;7.11;77869;OUI
VOLAILLES_ECLOS;2020;FR;FR - France entière;Groupe d'indicateurs;Mise en place de poussins (y.c. poules reproductrices);010.17.02;Périodicité;Octobre;0.10;Conjoncture animale;Gallus;7.11;72836;OUI
VOLAILLES_ECLOS;2020;FR;FR - France entière;Groupe d'indicateurs;Éclosions de poussins (nombre d'animaux);010.17.01;Périodicité;Décembre;0.12;Conjoncture animale;Gallus;7.11;77199;OUI
VOLAILLES_ECLOS;2020;FR;FR - France entière;Groupe d'indicateurs;Solde des échanges de poussins (nombre d'animaux);010.15.03.04;Périodicité;Total annuel;0;Conjoncture animale;Gallus;7.11;16196;OUI
VOLAILLES_ECLOS;2020;FR;FR - France entière;Groupe d'indicateurs;Solde des échanges de poussins (nombre d'animaux);010.15.03.04;Périodicité;Août;0.08;Conjoncture animale;Gallus;7.11;1668;OUI
VOLAILLES_ECLOS;2020;FR;FR - France entière;Groupe d'indicateurs;Éclosions de poussins (nombre d'animaux);010.17.01;Périodicité;Septembre;0.09;Conjoncture animale;Gallus;7.11;75622;OUI
VOLAILLES_ECLOS;2020;FR;FR - France entière;Groupe d'indicateurs;Solde des échanges de poussins (nombre d'animaux);010.15.03.04;Périodicité;Octobre;0.10;Conjoncture animale;Gallus;7.11;1625;OUI
VOLAILLES_ECLOS;2020;FR;FR - France entière;Groupe d'indicateurs;Mise en place de poussins (y.c. poules reproductrices);010.17.02;Périodicité;Juin;0.06;Conjoncture animale;Gallus;7.11;75705;OUI
VOLAILLES_ECLOS;2020;FR;FR - France entière;Groupe d'indicateurs;Éclosions de poussins (nombre d'animaux);010.17.01;Périodicité;Mai;0.05;Conjoncture animale;Gallus;7.11;73660;OUI
VOLAILLES_ECLOS;2020;FR;FR - France entière;Groupe d'indicateurs;Mise en place de poussins (y.c. poules reproductrices);010.17.02;Périodicité;Total annuel;0;Conjoncture animale;Gallus;7.11;875935;OUI
VOLAILLES_ECLOS;2020;FR;FR - France entière;Groupe d'indicateurs;Solde des échanges de poussins (nombre d'animaux);010.15.03.04;Périodicité;Juillet;0.07;Conjoncture animale;Poulets de chair;7.11.1;1923;OUI
VOLAILLES_ECLOS;2020;FR;FR - France entière;Groupe d'indicateurs;Solde des échanges de poussins (nombre d'animaux);010.15.03.04;Périodicité;Avril;0.04;Conjoncture animale;Poulets de chair;7.11.1;1275;OUI
VOLAILLES_ECLOS;2020;FR;FR - France entière;Groupe d'indicateurs;Mise en place de poussins (y.c. poules reproductrices);010.17.02;Périodicité;Février;0.02;Conjoncture animale;Poulets de chair;7.11.1;63541;OUI
VOLAILLES_ECLOS;2020;FR;FR - France entière;Groupe d'indicateurs;Éclosions de poussins (nombre d'animaux);010.17.01;Périodicité;Décembre;0.12;Conjoncture animale;Poulets de chair;7.11.1;72827;OUI
VOLAILLES_ECLOS;2020;FR;FR - France entière;Groupe d'indicateurs;Mise en place de poussins (y.c. poules reproductrices);010.17.02;Périodicité;Novembre;0.11;Conjoncture animale;Poulets de chair;7.11.1;58303;OUI
VOLAILLES_ECLOS;2020;FR;FR - France entière;Groupe d'indicateurs;Solde des échanges de poussins (nombre d'animaux);010.15.03.04;Périodicité;Février;0.02;Conjoncture animale;Poulets de chair;7.11.1;928;OUI
VOLAILLES_ECLOS;2020;FR;FR - France entière;Groupe d'indicateurs;Éclosions de poussins (nombre d'animaux);010.17.01;Périodicité;Septembre;0.09;Conjoncture animale;Poulets de chair;7.11.1;71926;OUI
VOLAILLES_ECLOS;2020;FR;FR - France entière;Groupe d'indicateurs;Solde des échanges de poussins (nombre d'animaux);010.15.03.04;Périodicité;Octobre;0.10;Conjoncture animale;Poulets de chair;7.11.1;1608;OUI
VOLAILLES_ECLOS;2020;FR;FR - France entière;Groupe d'indicateurs;Mise en place de poussins (y.c. poules reproductrices);010.17.02;Périodicité;Septembre;0.09;Conjoncture animale;Poulets de chair;7.11.1;70077;OUI
VOLAILLES_ECLOS;2020;FR;FR - France entière;Groupe d'indicateurs;Éclosions de poussins (nombre d'animaux);010.17.01;Périodicité;Mai;0.05;Conjoncture animale;Poulets de chair;7.11.1;69315;OUI
VOLAILLES_ECLOS;2020;FR;FR - France entière;Groupe d'indicateurs;Éclosions de poussins (nombre d'animaux);010.17.01;Périodicité;Février;0.02;Conjoncture animale;Poulets de chair;7.11.1;64469;OUI
VOLAILLES_ECLOS;2020;FR;FR - France entière;Groupe d'indicateurs;Solde des échanges de poussins (nombre d'animaux);010.15.03.04;Périodicité;Janvier;0.01;Conjoncture animale;Poulets de chair;7.11.1;881;OUI
VOLAILLES_ECLOS;2020;FR;FR - France entière;Groupe d'indicateurs;Solde des échanges de poussins (nombre d'animaux);010.15.03.04;Périodicité;Septembre;0.09;Conjoncture animale;Poulets de chair;7.11.1;1849;OUI
VOLAILLES_ECLOS;2020;FR;FR - France entière;Groupe d'indicateurs;Mise en place de poussins (y.c. poules reproductrices);010.17.02;Périodicité;Avril;0.04;Conjoncture animale;Poulets de chair;7.11.1;72518;OUI
VOLAILLES_ECLOS;2020;FR;FR - France entière;Groupe d'indicateurs;Mise en place de poussins (y.c. poules reproductrices);010.17.02;Périodicité;Octobre;0.10;Conjoncture animale;Poulets de chair;7.11.1;69030;OUI
VOLAILLES_ECLOS;2020;FR;FR - France entière;Groupe d'indicateurs;Solde des échanges de poussins (nombre d'animaux);010.15.03.04;Périodicité;Mai;0.05;Conjoncture animale;Poulets de chair;7.11.1;1156;OUI
VOLAILLES_ECLOS;2020;FR;FR - France entière;Groupe d'indicateurs;Solde des échanges de poussins (nombre d'animaux);010.15.03.04;Périodicité;Novembre;0.11;Conjoncture animale;Poulets de chair;7.11.1;1680;OUI
VOLAILLES_ECLOS;2020;FR;FR - France entière;Groupe d'indicateurs;Solde des échanges de poussins (nombre d'animaux);010.15.03.04;Périodicité;Total annuel;0;Conjoncture animale;Poulets de chair;7.11.1;15915;OUI
VOLAILLES_ECLOS;2020;FR;FR - France entière;Groupe d'indicateurs;Mise en place de poussins (y.c. poules reproductrices);010.17.02;Périodicité;Décembre;0.12;Conjoncture animale;Poulets de chair;7.11.1;72332;OUI
VOLAILLES_ECLOS;2020;FR;FR - France entière;Groupe d'indicateurs;Éclosions de poussins (nombre d'animaux);010.17.01;Périodicité;Janvier;0.01;Conjoncture animale;Poulets de chair;7.11.1;73525;OUI
VOLAILLES_ECLOS;2020;FR;FR - France entière;Groupe d'indicateurs;Éclosions de poussins (nombre d'animaux);010.17.01;Périodicité;Novembre;0.11;Conjoncture animale;Poulets de chair;7.11.1;59983;OUI
VOLAILLES_ECLOS;2020;FR;FR - France entière;Groupe d'indicateurs;Éclosions de poussins (nombre d'animaux);010.17.01;Périodicité;Octobre;0.10;Conjoncture animale;Poulets de chair;7.11.1;70638;OUI
VOLAILLES_ECLOS;2020;FR;FR - France entière;Groupe d'indicateurs;Éclosions de poussins (nombre d'animaux);010.17.01;Périodicité;Avril;0.04;Conjoncture animale;Poulets de chair;7.11.1;73794;OUI
VOLAILLES_ECLOS;2020;FR;FR - France entière;Groupe d'indicateurs;Solde des échanges de poussins (nombre d'animaux);010.15.03.04;Périodicité;Août;0.08;Conjoncture animale;Poulets de chair;7.11.1;1625;OUI
VOLAILLES_ECLOS;2020;FR;FR - France entière;Groupe d'indicateurs;Mise en place de poussins (y.c. poules reproductrices);010.17.02;Périodicité;Mai;0.05;Conjoncture animale;Poulets de chair;7.11.1;68159;OUI
VOLAILLES_ECLOS;2020;FR;FR - France entière;Groupe d'indicateurs;Éclosions de poussins (nombre d'animaux);010.17.01;Périodicité;Août;0.08;Conjoncture animale;Poulets de chair;7.11.1;69578;OUI
VOLAILLES_ECLOS;2020;FR;FR - France entière;Groupe d'indicateurs;Éclosions de poussins (nombre d'animaux);010.17.01;Périodicité;Total annuel;0;Conjoncture animale;Poulets de chair;7.11.1;842720;OUI
VOLAILLES_ECLOS;2020;FR;FR - France entière;Groupe d'indicateurs;Mise en place de poussins (y.c. poules reproductrices);010.17.02;Périodicité;Juillet;0.07;Conjoncture animale;Poulets de chair;7.11.1;71067;OUI
VOLAILLES_ECLOS;2020;FR;FR - France entière;Groupe d'indicateurs;Mise en place de poussins (y.c. poules reproductrices);010.17.02;Périodicité;Total annuel;0;Conjoncture animale;Poulets de chair;7.11.1;826804;OUI
VOLAILLES_ECLOS;2020;FR;FR - France entière;Groupe d'indicateurs;Éclosions de poussins (nombre d'animaux);010.17.01;Périodicité;Juin;0.06;Conjoncture animale;Poulets de chair;7.11.1;73472;OUI
VOLAILLES_ECLOS;2020;FR;FR - France entière;Groupe d'indicateurs;Solde des échanges de poussins (nombre d'animaux);010.15.03.04;Périodicité;Décembre;0.12;Conjoncture animale;Poulets de chair;7.11.1;495;OUI
VOLAILLES_ECLOS;2020;FR;FR - France entière;Groupe d'indicateurs;Éclosions de poussins (nombre d'animaux);010.17.01;Périodicité;Juillet;0.07;Conjoncture animale;Poulets de chair;7.11.1;72990;OUI
VOLAILLES_ECLOS;2020;FR;FR - France entière;Groupe d'indicateurs;Mise en place de poussins (y.c. poules reproductrices);010.17.02;Périodicité;Août;0.08;Conjoncture animale;Poulets de chair;7.11.1;67953;OUI
VOLAILLES_ECLOS;2020;FR;FR - France entière;Groupe d'indicateurs;Mise en place de poussins (y.c. poules reproductrices);010.17.02;Périodicité;Juin;0.06;Conjoncture animale;Poulets de chair;7.11.1;71230;OUI
VOLAILLES_ECLOS;2020;FR;FR - France entière;Groupe d'indicateurs;Solde des échanges de poussins (nombre d'animaux);010.15.03.04;Périodicité;Mars;0.03;Conjoncture animale;Poulets de chair;7.11.1;251;OUI
VOLAILLES_ECLOS;2020;FR;FR - France entière;Groupe d'indicateurs;Mise en place de poussins (y.c. poules reproductrices);010.17.02;Périodicité;Mars;0.03;Conjoncture animale;Poulets de chair;7.11.1;69951;OUI
VOLAILLES_ECLOS;2020;FR;FR - France entière;Groupe d'indicateurs;Solde des échanges de poussins (nombre d'animaux);010.15.03.04;Périodicité;Juin;0.06;Conjoncture animale;Poulets de chair;7.11.1;2242;OUI
VOLAILLES_ECLOS;2020;FR;FR - France entière;Groupe d'indicateurs;Éclosions de poussins (nombre d'animaux);010.17.01;Périodicité;Mars;0.03;Conjoncture animale;Poulets de chair;7.11.1;70202;OUI
VOLAILLES_ECLOS;2020;FR;FR - France entière;Groupe d'indicateurs;Mise en place de poussins (y.c. poules reproductrices);010.17.02;Périodicité;Janvier;0.01;Conjoncture animale;Poulets de chair;7.11.1;72644;OUI
VOLAILLES_ECLOS;2020;FR;FR - France entière;Groupe d'indicateurs;Éclosions de poussins (nombre d'animaux);010.17.01;Périodicité;Octobre;0.10;Conjoncture animale;Poules de ponte;7.11.5;3823;OUI
VOLAILLES_ECLOS;2020;FR;FR - France entière;Groupe d'indicateurs;Mise en place de poussins (y.c. poules reproductrices);010.17.02;Périodicité;Février;0.02;Conjoncture animale;Poules de ponte;7.11.5;3811;OUI
VOLAILLES_ECLOS;2020;FR;FR - France entière;Groupe d'indicateurs;Solde des échanges de poussins (nombre d'animaux);010.15.03.04;Périodicité;Mars;0.03;Conjoncture animale;Poules de ponte;7.11.5;82;OUI
VOLAILLES_ECLOS;2020;FR;FR - France entière;Groupe d'indicateurs;Mise en place de poussins (y.c. poules reproductrices);010.17.02;Périodicité;Octobre;0.10;Conjoncture animale;Poules de ponte;7.11.5;3806;OUI
VOLAILLES_ECLOS;2020;FR;FR - France entière;Groupe d'indicateurs;Éclosions de poussins (nombre d'animaux);010.17.01;Périodicité;Total annuel;0;Conjoncture animale;Poules de ponte;7.11.5;49411;OUI
VOLAILLES_ECLOS;2020;FR;FR - France entière;Groupe d'indicateurs;Solde des échanges de poussins (nombre d'animaux);010.15.03.04;Périodicité;Février;0.02;Conjoncture animale;Poules de ponte;7.11.5;109;OUI
VOLAILLES_ECLOS;2020;FR;FR - France entière;Groupe d'indicateurs;Mise en place de poussins (y.c. poules reproductrices);010.17.02;Périodicité;Juillet;0.07;Conjoncture animale;Poules de ponte;7.11.5;4272;OUI
VOLAILLES_ECLOS;2020;FR;FR - France entière;Groupe d'indicateurs;Mise en place de poussins (y.c. poules reproductrices);010.17.02;Périodicité;Août;0.08;Conjoncture animale;Poules de ponte;7.11.5;3387;OUI
VOLAILLES_ECLOS;2020;FR;FR - France entière;Groupe d'indicateurs;Solde des échanges de poussins (nombre d'animaux);010.15.03.04;Périodicité;Juin;0.06;Conjoncture animale;Poules de ponte;7.11.5;-78;OUI
VOLAILLES_ECLOS;2020;FR;FR - France entière;Groupe d'indicateurs;Solde des échanges de poussins (nombre d'animaux);010.15.03.04;Périodicité;Août;0.08;Conjoncture animale;Poules de ponte;7.11.5;42;OUI
VOLAILLES_ECLOS;2020;FR;FR - France entière;Groupe d'indicateurs;Mise en place de poussins (y.c. poules reproductrices);010.17.02;Périodicité;Janvier;0.01;Conjoncture animale;Poules de ponte;7.11.5;4474;OUI
VOLAILLES_ECLOS;2020;FR;FR - France entière;Groupe d'indicateurs;Éclosions de poussins (nombre d'animaux);010.17.01;Périodicité;Décembre;0.12;Conjoncture animale;Poules de ponte;7.11.5;4372;OUI
VOLAILLES_ECLOS;2020;FR;FR - France entière;Groupe d'indicateurs;Mise en place de poussins (y.c. poules reproductrices);010.17.02;Périodicité;Mai;0.05;Conjoncture animale;Poules de ponte;7.11.5;4127;OUI
VOLAILLES_ECLOS;2020;FR;FR - France entière;Groupe d'indicateurs;Solde des échanges de poussins (nombre d'animaux);010.15.03.04;Périodicité;Juillet;0.07;Conjoncture animale;Poules de ponte;7.11.5;-159;OUI
VOLAILLES_ECLOS;2020;FR;FR - France entière;Groupe d'indicateurs;Solde des échanges de poussins (nombre d'animaux);010.15.03.04;Périodicité;Janvier;0.01;Conjoncture animale;Poules de ponte;7.11.5;-70;OUI
VOLAILLES_ECLOS;2020;FR;FR - France entière;Groupe d'indicateurs;Éclosions de poussins (nombre d'animaux);010.17.01;Périodicité;Novembre;0.11;Conjoncture animale;Poules de ponte;7.11.5;4163;OUI
VOLAILLES_ECLOS;2020;FR;FR - France entière;Groupe d'indicateurs;Éclosions de poussins (nombre d'animaux);010.17.01;Périodicité;Août;0.08;Conjoncture animale;Poules de ponte;7.11.5;3429;OUI
VOLAILLES_ECLOS;2020;FR;FR - France entière;Groupe d'indicateurs;Éclosions de poussins (nombre d'animaux);010.17.01;Périodicité;Avril;0.04;Conjoncture animale;Poules de ponte;7.11.5;4194;OUI
VOLAILLES_ECLOS;2020;FR;FR - France entière;Groupe d'indicateurs;Éclosions de poussins (nombre d'animaux);010.17.01;Périodicité;Septembre;0.09;Conjoncture animale;Poules de ponte;7.11.5;3695;OUI
VOLAILLES_ECLOS;2020;FR;FR - France entière;Groupe d'indicateurs;Solde des échanges de poussins (nombre d'animaux);010.15.03.04;Périodicité;Octobre;0.10;Conjoncture animale;Poules de ponte;7.11.5;17;OUI
VOLAILLES_ECLOS;2020;FR;FR - France entière;Groupe d'indicateurs;Mise en place de poussins (y.c. poules reproductrices);010.17.02;Périodicité;Avril;0.04;Conjoncture animale;Poules de ponte;7.11.5;4050;OUI
VOLAILLES_ECLOS;2020;FR;FR - France entière;Groupe d'indicateurs;Solde des échanges de poussins (nombre d'animaux);010.15.03.04;Périodicité;Novembre;0.11;Conjoncture animale;Poules de ponte;7.11.5;29;OUI
VOLAILLES_ECLOS;2020;FR;FR - France entière;Groupe d'indicateurs;Éclosions de poussins (nombre d'animaux);010.17.01;Périodicité;Mars;0.03;Conjoncture animale;Poules de ponte;7.11.5;4555;OUI
VOLAILLES_ECLOS;2020;FR;FR - France entière;Groupe d'indicateurs;Éclosions de poussins (nombre d'animaux);010.17.01;Périodicité;Mai;0.05;Conjoncture animale;Poules de ponte;7.11.5;4345;OUI
VOLAILLES_ECLOS;2020;FR;FR - France entière;Groupe d'indicateurs;Solde des échanges de poussins (nombre d'animaux);010.15.03.04;Périodicité;Avril;0.04;Conjoncture animale;Poules de ponte;7.11.5;144;OUI
VOLAILLES_ECLOS;2020;FR;FR - France entière;Groupe d'indicateurs;Mise en place de poussins (y.c. poules reproductrices);010.17.02;Périodicité;Juin;0.06;Conjoncture animale;Poules de ponte;7.11.5;4474;OUI
VOLAILLES_ECLOS;2020;FR;FR - France entière;Groupe d'indicateurs;Éclosions de poussins (nombre d'animaux);010.17.01;Périodicité;Janvier;0.01;Conjoncture animale;Poules de ponte;7.11.5;4404;OUI
VOLAILLES_ECLOS;2020;FR;FR - France entière;Groupe d'indicateurs;Mise en place de poussins (y.c. poules reproductrices);010.17.02;Périodicité;Total annuel;0;Conjoncture animale;Poules de ponte;7.11.5;49131;OUI
VOLAILLES_ECLOS;2020;FR;FR - France entière;Groupe d'indicateurs;Mise en place de poussins (y.c. poules reproductrices);010.17.02;Périodicité;Décembre;0.12;Conjoncture animale;Poules de ponte;7.11.5;4414;OUI
VOLAILLES_ECLOS;2020;FR;FR - France entière;Groupe d'indicateurs;Mise en place de poussins (y.c. poules reproductrices);010.17.02;Périodicité;Mars;0.03;Conjoncture animale;Poules de ponte;7.11.5;4473;OUI
VOLAILLES_ECLOS;2020;FR;FR - France entière;Groupe d'indicateurs;Solde des échanges de poussins (nombre d'animaux);010.15.03.04;Périodicité;Mai;0.05;Conjoncture animale;Poules de ponte;7.11.5;218;OUI
VOLAILLES_ECLOS;2020;FR;FR - France entière;Groupe d'indicateurs;Éclosions de poussins (nombre d'animaux);010.17.01;Périodicité;Juin;0.06;Conjoncture animale;Poules de ponte;7.11.5;4397;OUI
VOLAILLES_ECLOS;2020;FR;FR - France entière;Groupe d'indicateurs;Éclosions de poussins (nombre d'animaux);010.17.01;Périodicité;Février;0.02;Conjoncture animale;Poules de ponte;7.11.5;3920;OUI
VOLAILLES_ECLOS;2020;FR;FR - France entière;Groupe d'indicateurs;Mise en place de poussins (y.c. poules reproductrices);010.17.02;Périodicité;Septembre;0.09;Conjoncture animale;Poules de ponte;7.11.5;3708;OUI
VOLAILLES_ECLOS;2020;FR;FR - France entière;Groupe d'indicateurs;Solde des échanges de poussins (nombre d'animaux);010.15.03.04;Périodicité;Septembre;0.09;Conjoncture animale;Poules de ponte;7.11.5;-13;OUI
VOLAILLES_ECLOS;2020;FR;FR - France entière;Groupe d'indicateurs;Éclosions de poussins (nombre d'animaux);010.17.01;Périodicité;Juillet;0.07;Conjoncture animale;Poules de ponte;7.11.5;4114;OUI
VOLAILLES_ECLOS;2020;FR;FR - France entière;Groupe d'indicateurs;Solde des échanges de poussins (nombre d'animaux);010.15.03.04;Périodicité;Total annuel;0;Conjoncture animale;Poules de ponte;7.11.5;281;OUI
VOLAILLES_ECLOS;2020;FR;FR - France entière;Groupe d'indicateurs;Solde des échanges de poussins (nombre d'animaux);010.15.03.04;Périodicité;Décembre;0.12;Conjoncture animale;Poules de ponte;7.11.5;-42;OUI
VOLAILLES_ECLOS;2020;FR;FR - France entière;Groupe d'indicateurs;Mise en place de poussins (y.c. poules reproductrices);010.17.02;Périodicité;Novembre;0.11;Conjoncture animale;Poules de ponte;7.11.5;4134;OUI
VOLAILLES_ECLOS;2020;FR;FR - France entière;Groupe d'indicateurs;Éclosions de poussins (nombre d'animaux);010.17.01;Périodicité;Octobre;0.10;Conjoncture animale;Dindes;7.12;3727;OUI
VOLAILLES_ECLOS;2020;FR;FR - France entière;Groupe d'indicateurs;Solde des échanges de poussins (nombre d'animaux);010.15.03.04;Périodicité;Juillet;0.07;Conjoncture animale;Dindes;7.12;602;OUI
VOLAILLES_ECLOS;2020;FR;FR - France entière;Groupe d'indicateurs;Mise en place de poussins (y.c. poules reproductrices);010.17.02;Périodicité;Janvier;0.01;Conjoncture animale;Dindes;7.12;3667;OUI
VOLAILLES_ECLOS;2020;FR;FR - France entière;Groupe d'indicateurs;Éclosions de poussins (nombre d'animaux);010.17.01;Périodicité;Mai;0.05;Conjoncture animale;Dindes;7.12;3852;OUI
VOLAILLES_ECLOS;2020;FR;FR - France entière;Groupe d'indicateurs;Solde des échanges de poussins (nombre d'animaux);010.15.03.04;Périodicité;Août;0.08;Conjoncture animale;Dindes;7.12;883;OUI
VOLAILLES_ECLOS;2020;FR;FR - France entière;Groupe d'indicateurs;Solde des échanges de poussins (nombre d'animaux);010.15.03.04;Périodicité;Janvier;0.01;Conjoncture animale;Dindes;7.12;975;OUI
VOLAILLES_ECLOS;2020;FR;FR - France entière;Groupe d'indicateurs;Mise en place de poussins (y.c. poules reproductrices);010.17.02;Périodicité;Juin;0.06;Conjoncture animale;Dindes;7.12;3867;OUI
VOLAILLES_ECLOS;2020;FR;FR - France entière;Groupe d'indicateurs;Éclosions de poussins (nombre d'animaux);010.17.01;Périodicité;Août;0.08;Conjoncture animale;Dindes;7.12;3901;OUI
VOLAILLES_ECLOS;2020;FR;FR - France entière;Groupe d'indicateurs;Solde des échanges de poussins (nombre d'animaux);010.15.03.04;Périodicité;Juin;0.06;Conjoncture animale;Dindes;7.12;864;OUI
VOLAILLES_ECLOS;2020;FR;FR - France entière;Groupe d'indicateurs;Éclosions de poussins (nombre d'animaux);010.17.01;Périodicité;Mars;0.03;Conjoncture animale;Dindes;7.12;4682;OUI
VOLAILLES_ECLOS;2020;FR;FR - France entière;Groupe d'indicateurs;Solde des échanges de poussins (nombre d'animaux);010.15.03.04;Périodicité;Avril;0.04;Conjoncture animale;Dindes;7.12;741;OUI
VOLAILLES_ECLOS;2020;FR;FR - France entière;Groupe d'indicateurs;Éclosions de poussins (nombre d'animaux);010.17.01;Périodicité;Septembre;0.09;Conjoncture animale;Dindes;7.12;4720;OUI
VOLAILLES_ECLOS;2020;FR;FR - France entière;Groupe d'indicateurs;Mise en place de poussins (y.c. poules reproductrices);010.17.02;Périodicité;Octobre;0.10;Conjoncture animale;Dindes;7.12;3125;OUI
VOLAILLES_ECLOS;2020;FR;FR - France entière;Groupe d'indicateurs;Solde des échanges de poussins (nombre d'animaux);010.15.03.04;Périodicité;Novembre;0.11;Conjoncture animale;Dindes;7.12;862;OUI
VOLAILLES_ECLOS;2020;FR;FR - France entière;Groupe d'indicateurs;Mise en place de poussins (y.c. poules reproductrices);010.17.02;Périodicité;Novembre;0.11;Conjoncture animale;Dindes;7.12;2593;OUI
VOLAILLES_ECLOS;2020;FR;FR - France entière;Groupe d'indicateurs;Éclosions de poussins (nombre d'animaux);010.17.01;Périodicité;Juillet;0.07;Conjoncture animale;Dindes;7.12;4449;OUI
VOLAILLES_ECLOS;2020;FR;FR - France entière;Groupe d'indicateurs;Solde des échanges de poussins (nombre d'animaux);010.15.03.04;Périodicité;Septembre;0.09;Conjoncture animale;Dindes;7.12;831;OUI
VOLAILLES_ECLOS;2020;FR;FR - France entière;Groupe d'indicateurs;Éclosions de poussins (nombre d'animaux);010.17.01;Périodicité;Janvier;0.01;Conjoncture animale;Dindes;7.12;4642;OUI
VOLAILLES_ECLOS;2020;FR;FR - France entière;Groupe d'indicateurs;Mise en place de poussins (y.c. poules reproductrices);010.17.02;Périodicité;Avril;0.04;Conjoncture animale;Dindes;7.12;3434;OUI
VOLAILLES_ECLOS;2020;FR;FR - France entière;Groupe d'indicateurs;Mise en place de poussins (y.c. poules reproductrices);010.17.02;Périodicité;Total annuel;0;Conjoncture animale;Dindes;7.12;41611;OUI
VOLAILLES_ECLOS;2020;FR;FR - France entière;Groupe d'indicateurs;Solde des échanges de poussins (nombre d'animaux);010.15.03.04;Périodicité;Octobre;0.10;Conjoncture animale;Dindes;7.12;601;OUI
VOLAILLES_ECLOS;2020;FR;FR - France entière;Groupe d'indicateurs;Solde des échanges de poussins (nombre d'animaux);010.15.03.04;Périodicité;Mars;0.03;Conjoncture animale;Dindes;7.12;945;OUI
VOLAILLES_ECLOS;2020;FR;FR - France entière;Groupe d'indicateurs;Éclosions de poussins (nombre d'animaux);010.17.01;Périodicité;Total annuel;0;Conjoncture animale;Dindes;7.12;51378;OUI
VOLAILLES_ECLOS;2020;FR;FR - France entière;Groupe d'indicateurs;Éclosions de poussins (nombre d'animaux);010.17.01;Périodicité;Juin;0.06;Conjoncture animale;Dindes;7.12;4732;OUI
VOLAILLES_ECLOS;2020;FR;FR - France entière;Groupe d'indicateurs;Solde des échanges de poussins (nombre d'animaux);010.15.03.04;Périodicité;Total annuel;0;Conjoncture animale;Dindes;7.12;9767;OUI
VOLAILLES_ECLOS;2020;FR;FR - France entière;Groupe d'indicateurs;Solde des échanges de poussins (nombre d'animaux);010.15.03.04;Périodicité;Décembre;0.12;Conjoncture animale;Dindes;7.12;688;OUI
VOLAILLES_ECLOS;2020;FR;FR - France entière;Groupe d'indicateurs;Mise en place de poussins (y.c. poules reproductrices);010.17.02;Périodicité;Août;0.08;Conjoncture animale;Dindes;7.12;3018;OUI
VOLAILLES_ECLOS;2020;FR;FR - France entière;Groupe d'indicateurs;Solde des échanges de poussins (nombre d'animaux);010.15.03.04;Périodicité;Mai;0.05;Conjoncture animale;Dindes;7.12;749;OUI
VOLAILLES_ECLOS;2020;FR;FR - France entière;Groupe d'indicateurs;Mise en place de poussins (y.c. poules reproductrices);010.17.02;Périodicité;Décembre;0.12;Conjoncture animale;Dindes;7.12;3841;OUI
VOLAILLES_ECLOS;2020;FR;FR - France entière;Groupe d'indicateurs;Mise en place de poussins (y.c. poules reproductrices);010.17.02;Périodicité;Septembre;0.09;Conjoncture animale;Dindes;7.12;3888;OUI
VOLAILLES_ECLOS;2020;FR;FR - France entière;Groupe d'indicateurs;Éclosions de poussins (nombre d'animaux);010.17.01;Périodicité;Novembre;0.11;Conjoncture animale;Dindes;7.12;3455;OUI
VOLAILLES_ECLOS;2020;FR;FR - France entière;Groupe d'indicateurs;Mise en place de poussins (y.c. poules reproductrices);010.17.02;Périodicité;Février;0.02;Conjoncture animale;Dindes;7.12;3491;OUI
VOLAILLES_ECLOS;2020;FR;FR - France entière;Groupe d'indicateurs;Éclosions de poussins (nombre d'animaux);010.17.01;Périodicité;Décembre;0.12;Conjoncture animale;Dindes;7.12;4530;OUI
VOLAILLES_ECLOS;2020;FR;FR - France entière;Groupe d'indicateurs;Éclosions de poussins (nombre d'animaux);010.17.01;Périodicité;Février;0.02;Conjoncture animale;Dindes;7.12;4515;OUI
VOLAILLES_ECLOS;2020;FR;FR - France entière;Groupe d'indicateurs;Mise en place de poussins (y.c. poules reproductrices);010.17.02;Périodicité;Mai;0.05;Conjoncture animale;Dindes;7.12;3103;OUI
VOLAILLES_ECLOS;2020;FR;FR - France entière;Groupe d'indicateurs;Mise en place de poussins (y.c. poules reproductrices);010.17.02;Périodicité;Juillet;0.07;Conjoncture animale;Dindes;7.12;3846;OUI
VOLAILLES_ECLOS;2020;FR;FR - France entière;Groupe d'indicateurs;Mise en place de poussins (y.c. poules reproductrices);010.17.02;Périodicité;Mars;0.03;Conjoncture animale;Dindes;7.12;3737;OUI
VOLAILLES_ECLOS;2020;FR;FR - France entière;Groupe d'indicateurs;Solde des échanges de poussins (nombre d'animaux);010.15.03.04;Périodicité;Février;0.02;Conjoncture animale;Dindes;7.12;1024;OUI
VOLAILLES_ECLOS;2020;FR;FR - France entière;Groupe d'indicateurs;Éclosions de poussins (nombre d'animaux);010.17.01;Périodicité;Avril;0.04;Conjoncture animale;Dindes;7.12;4175;OUI
VOLAILLES_ECLOS;2020;FR;FR - France entière;Groupe d'indicateurs;Mise en place de poussins (y.c. poules reproductrices);010.17.02;Périodicité;Octobre;0.10;Conjoncture animale;Canards;7.13;5382;OUI
VOLAILLES_ECLOS;2020;FR;FR - France entière;Groupe d'indicateurs;Éclosions de poussins (nombre d'animaux);010.17.01;Périodicité;Février;0.02;Conjoncture animale;Canards;7.13;5945;OUI
VOLAILLES_ECLOS;2020;FR;FR - France entière;Groupe d'indicateurs;Solde des échanges de poussins (nombre d'animaux);010.15.03.04;Périodicité;Total annuel;0;Conjoncture animale;Canards;7.13;11826;OUI
VOLAILLES_ECLOS;2020;FR;FR - France entière;Groupe d'indicateurs;Solde des échanges de poussins (nombre d'animaux);010.15.03.04;Périodicité;Mars;0.03;Conjoncture animale;Canards;7.13;1001;OUI
VOLAILLES_ECLOS;2020;FR;FR - France entière;Groupe d'indicateurs;Solde des échanges de poussins (nombre d'animaux);010.15.03.04;Périodicité;Janvier;0.01;Conjoncture animale;Canards;7.13;889;OUI
VOLAILLES_ECLOS;2020;FR;FR - France entière;Groupe d'indicateurs;Solde des échanges de poussins (nombre d'animaux);010.15.03.04;Périodicité;Décembre;0.12;Conjoncture animale;Canards;7.13;526;OUI
VOLAILLES_ECLOS;2020;FR;FR - France entière;Groupe d'indicateurs;Mise en place de poussins (y.c. poules reproductrices);010.17.02;Périodicité;Septembre;0.09;Conjoncture animale;Canards;7.13;6730;OUI
VOLAILLES_ECLOS;2020;FR;FR - France entière;Groupe d'indicateurs;Mise en place de poussins (y.c. poules reproductrices);010.17.02;Périodicité;Avril;0.04;Conjoncture animale;Canards;7.13;4646;OUI
VOLAILLES_ECLOS;2020;FR;FR - France entière;Groupe d'indicateurs;Mise en place de poussins (y.c. poules reproductrices);010.17.02;Périodicité;Mai;0.05;Conjoncture animale;Canards;7.13;3277;OUI
VOLAILLES_ECLOS;2020;FR;FR - France entière;Groupe d'indicateurs;Solde des échanges de poussins (nombre d'animaux);010.15.03.04;Périodicité;Mai;0.05;Conjoncture animale;Canards;7.13;1840;OUI
VOLAILLES_ECLOS;2020;FR;FR - France entière;Groupe d'indicateurs;Solde des échanges de poussins (nombre d'animaux);010.15.03.04;Périodicité;Août;0.08;Conjoncture animale;Canards;7.13;873;OUI
VOLAILLES_ECLOS;2020;FR;FR - France entière;Groupe d'indicateurs;Éclosions de poussins (nombre d'animaux);010.17.01;Périodicité;Novembre;0.11;Conjoncture animale;Canards;7.13;4945;OUI
VOLAILLES_ECLOS;2020;FR;FR - France entière;Groupe d'indicateurs;Éclosions de poussins (nombre d'animaux);010.17.01;Périodicité;Juin;0.06;Conjoncture animale;Canards;7.13;6161;OUI
VOLAILLES_ECLOS;2020;FR;FR - France entière;Groupe d'indicateurs;Éclosions de poussins (nombre d'animaux);010.17.01;Périodicité;Mars;0.03;Conjoncture animale;Canards;7.13;6393;OUI
VOLAILLES_ECLOS;2020;FR;FR - France entière;Groupe d'indicateurs;Solde des échanges de poussins (nombre d'animaux);010.15.03.04;Périodicité;Novembre;0.11;Conjoncture animale;Canards;7.13;537;OUI
VOLAILLES_ECLOS;2020;FR;FR - France entière;Groupe d'indicateurs;Éclosions de poussins (nombre d'animaux);010.17.01;Périodicité;Avril;0.04;Conjoncture animale;Canards;7.13;5802;OUI
VOLAILLES_ECLOS;2020;FR;FR - France entière;Groupe d'indicateurs;Mise en place de poussins (y.c. poules reproductrices);010.17.02;Périodicité;Total annuel;0;Conjoncture animale;Canards;7.13;62002;OUI
VOLAILLES_ECLOS;2020;FR;FR - France entière;Groupe d'indicateurs;Solde des échanges de poussins (nombre d'animaux);010.15.03.04;Périodicité;Juillet;0.07;Conjoncture animale;Canards;7.13;1015;OUI
VOLAILLES_ECLOS;2020;FR;FR - France entière;Groupe d'indicateurs;Éclosions de poussins (nombre d'animaux);010.17.01;Périodicité;Total annuel;0;Conjoncture animale;Canards;7.13;73828;OUI
VOLAILLES_ECLOS;2020;FR;FR - France entière;Groupe d'indicateurs;Mise en place de poussins (y.c. poules reproductrices);010.17.02;Périodicité;Février;0.02;Conjoncture animale;Canards;7.13;4867;OUI
VOLAILLES_ECLOS;2020;FR;FR - France entière;Groupe d'indicateurs;Solde des échanges de poussins (nombre d'animaux);010.15.03.04;Périodicité;Avril;0.04;Conjoncture animale;Canards;7.13;1156;OUI
VOLAILLES_ECLOS;2020;FR;FR - France entière;Groupe d'indicateurs;Mise en place de poussins (y.c. poules reproductrices);010.17.02;Périodicité;Mars;0.03;Conjoncture animale;Canards;7.13;5392;OUI
VOLAILLES_ECLOS;2020;FR;FR - France entière;Groupe d'indicateurs;Solde des échanges de poussins (nombre d'animaux);010.15.03.04;Périodicité;Octobre;0.10;Conjoncture animale;Canards;7.13;891;OUI
VOLAILLES_ECLOS;2020;FR;FR - France entière;Groupe d'indicateurs;Éclosions de poussins (nombre d'animaux);010.17.01;Périodicité;Décembre;0.12;Conjoncture animale;Canards;7.13;5849;OUI
VOLAILLES_ECLOS;2020;FR;FR - France entière;Groupe d'indicateurs;Solde des échanges de poussins (nombre d'animaux);010.15.03.04;Périodicité;Février;0.02;Conjoncture animale;Canards;7.13;1078;OUI
VOLAILLES_ECLOS;2020;FR;FR - France entière;Groupe d'indicateurs;Solde des échanges de poussins (nombre d'animaux);010.15.03.04;Périodicité;Juin;0.06;Conjoncture animale;Canards;7.13;1159;OUI
VOLAILLES_ECLOS;2020;FR;FR - France entière;Groupe d'indicateurs;Mise en place de poussins (y.c. poules reproductrices);010.17.02;Périodicité;Août;0.08;Conjoncture animale;Canards;7.13;5666;OUI
VOLAILLES_ECLOS;2020;FR;FR - France entière;Groupe d'indicateurs;Mise en place de poussins (y.c. poules reproductrices);010.17.02;Périodicité;Décembre;0.12;Conjoncture animale;Canards;7.13;5323;OUI
VOLAILLES_ECLOS;2020;FR;FR - France entière;Groupe d'indicateurs;Mise en place de poussins (y.c. poules reproductrices);010.17.02;Périodicité;Janvier;0.01;Conjoncture animale;Canards;7.13;5769;OUI
VOLAILLES_ECLOS;2020;FR;FR - France entière;Groupe d'indicateurs;Éclosions de poussins (nombre d'animaux);010.17.01;Périodicité;Mai;0.05;Conjoncture animale;Canards;7.13;5118;OUI
VOLAILLES_ECLOS;2020;FR;FR - France entière;Groupe d'indicateurs;Éclosions de poussins (nombre d'animaux);010.17.01;Périodicité;Septembre;0.09;Conjoncture animale;Canards;7.13;7590;OUI
VOLAILLES_ECLOS;2020;FR;FR - France entière;Groupe d'indicateurs;Mise en place de poussins (y.c. poules reproductrices);010.17.02;Périodicité;Juin;0.06;Conjoncture animale;Canards;7.13;5002;OUI
VOLAILLES_ECLOS;2020;FR;FR - France entière;Groupe d'indicateurs;Éclosions de poussins (nombre d'animaux);010.17.01;Périodicité;Octobre;0.10;Conjoncture animale;Canards;7.13;6274;OUI
VOLAILLES_ECLOS;2020;FR;FR - France entière;Groupe d'indicateurs;Éclosions de poussins (nombre d'animaux);010.17.01;Périodicité;Août;0.08;Conjoncture animale;Canards;7.13;6539;OUI
VOLAILLES_ECLOS;2020;FR;FR - France entière;Groupe d'indicateurs;Mise en place de poussins (y.c. poules reproductrices);010.17.02;Périodicité;Novembre;0.11;Conjoncture animale;Canards;7.13;4408;OUI
VOLAILLES_ECLOS;2020;FR;FR - France entière;Groupe d'indicateurs;Solde des échanges de poussins (nombre d'animaux);010.15.03.04;Périodicité;Septembre;0.09;Conjoncture animale;Canards;7.13;860;OUI
VOLAILLES_ECLOS;2020;FR;FR - France entière;Groupe d'indicateurs;Éclosions de poussins (nombre d'animaux);010.17.01;Périodicité;Janvier;0.01;Conjoncture animale;Canards;7.13;6658;OUI
VOLAILLES_ECLOS;2020;FR;FR - France entière;Groupe d'indicateurs;Éclosions de poussins (nombre d'animaux);010.17.01;Périodicité;Juillet;0.07;Conjoncture animale;Canards;7.13;6556;OUI
VOLAILLES_ECLOS;2020;FR;FR - France entière;Groupe d'indicateurs;Mise en place de poussins (y.c. poules reproductrices);010.17.02;Périodicité;Juillet;0.07;Conjoncture animale;Canards;7.13;5541;OUI
VOLAILLES_ECLOS;2020;FR;FR - France entière;Groupe d'indicateurs;Solde des échanges de poussins (nombre d'animaux);010.15.03.04;Périodicité;Mars;0.03;Conjoncture animale;Canards à rôtir;7.13.1;0;OUI
VOLAILLES_ECLOS;2020;FR;FR - France entière;Groupe d'indicateurs;Éclosions de poussins (nombre d'animaux);010.17.01;Périodicité;Février;0.02;Conjoncture animale;Canards à rôtir;7.13.1;3278;OUI
VOLAILLES_ECLOS;2020;FR;FR - France entière;Groupe d'indicateurs;Solde des échanges de poussins (nombre d'animaux);010.15.03.04;Périodicité;Septembre;0.09;Conjoncture animale;Canards à rôtir;7.13.1;0;OUI
VOLAILLES_ECLOS;2020;FR;FR - France entière;Groupe d'indicateurs;Solde des échanges de poussins (nombre d'animaux);010.15.03.04;Périodicité;Novembre;0.11;Conjoncture animale;Canards à rôtir;7.13.1;0;OUI
VOLAILLES_ECLOS;2020;FR;FR - France entière;Groupe d'indicateurs;Solde des échanges de poussins (nombre d'animaux);010.15.03.04;Périodicité;Janvier;0.01;Conjoncture animale;Canards à rôtir;7.13.1;0;OUI
VOLAILLES_ECLOS;2020;FR;FR - France entière;Groupe d'indicateurs;Solde des échanges de poussins (nombre d'animaux);010.15.03.04;Périodicité;Octobre;0.10;Conjoncture animale;Canards à rôtir;7.13.1;0;OUI
VOLAILLES_ECLOS;2020;FR;FR - France entière;Groupe d'indicateurs;Solde des échanges de poussins (nombre d'animaux);010.15.03.04;Périodicité;Juin;0.06;Conjoncture animale;Canards à rôtir;7.13.1;0;OUI
VOLAILLES_ECLOS;2020;FR;FR - France entière;Groupe d'indicateurs;Éclosions de poussins (nombre d'animaux);010.17.01;Périodicité;Décembre;0.12;Conjoncture animale;Canards à rôtir;7.13.1;3156;OUI
VOLAILLES_ECLOS;2020;FR;FR - France entière;Groupe d'indicateurs;Solde des échanges de poussins (nombre d'animaux);010.15.03.04;Périodicité;Mai;0.05;Conjoncture animale;Canards à rôtir;7.13.1;0;OUI
VOLAILLES_ECLOS;2020;FR;FR - France entière;Groupe d'indicateurs;Éclosions de poussins (nombre d'animaux);010.17.01;Périodicité;Juin;0.06;Conjoncture animale;Canards à rôtir;7.13.1;3246;OUI
VOLAILLES_ECLOS;2020;FR;FR - France entière;Groupe d'indicateurs;Solde des échanges de poussins (nombre d'animaux);010.15.03.04;Périodicité;Avril;0.04;Conjoncture animale;Canards à rôtir;7.13.1;0;OUI
VOLAILLES_ECLOS;2020;FR;FR - France entière;Groupe d'indicateurs;Éclosions de poussins (nombre d'animaux);010.17.01;Périodicité;Mai;0.05;Conjoncture animale;Canards à rôtir;7.13.1;3005;OUI
VOLAILLES_ECLOS;2020;FR;FR - France entière;Groupe d'indicateurs;Éclosions de poussins (nombre d'animaux);010.17.01;Périodicité;Total annuel;0;Conjoncture animale;Canards à rôtir;7.13.1;40141;OUI
VOLAILLES_ECLOS;2020;FR;FR - France entière;Groupe d'indicateurs;Éclosions de poussins (nombre d'animaux);010.17.01;Périodicité;Septembre;0.09;Conjoncture animale;Canards à rôtir;7.13.1;4429;OUI
VOLAILLES_ECLOS;2020;FR;FR - France entière;Groupe d'indicateurs;Éclosions de poussins (nombre d'animaux);010.17.01;Périodicité;Juillet;0.07;Conjoncture animale;Canards à rôtir;7.13.1;3347;OUI
VOLAILLES_ECLOS;2020;FR;FR - France entière;Groupe d'indicateurs;Éclosions de poussins (nombre d'animaux);010.17.01;Périodicité;Avril;0.04;Conjoncture animale;Canards à rôtir;7.13.1;3415;OUI
VOLAILLES_ECLOS;2020;FR;FR - France entière;Groupe d'indicateurs;Solde des échanges de poussins (nombre d'animaux);010.15.03.04;Périodicité;Août;0.08;Conjoncture animale;Canards à rôtir;7.13.1;0;OUI
VOLAILLES_ECLOS;2020;FR;FR - France entière;Groupe d'indicateurs;Éclosions de poussins (nombre d'animaux);010.17.01;Périodicité;Août;0.08;Conjoncture animale;Canards à rôtir;7.13.1;3137;OUI
VOLAILLES_ECLOS;2020;FR;FR - France entière;Groupe d'indicateurs;Éclosions de poussins (nombre d'animaux);010.17.01;Périodicité;Janvier;0.01;Conjoncture animale;Canards à rôtir;7.13.1;3616;OUI
VOLAILLES_ECLOS;2020;FR;FR - France entière;Groupe d'indicateurs;Éclosions de poussins (nombre d'animaux);010.17.01;Périodicité;Octobre;0.10;Conjoncture animale;Canards à rôtir;7.13.1;3577;OUI
VOLAILLES_ECLOS;2020;FR;FR - France entière;Groupe d'indicateurs;Solde des échanges de poussins (nombre d'animaux);010.15.03.04;Périodicité;Février;0.02;Conjoncture animale;Canards à rôtir;7.13.1;0;OUI
VOLAILLES_ECLOS;2020;FR;FR - France entière;Groupe d'indicateurs;Solde des échanges de poussins (nombre d'animaux);010.15.03.04;Périodicité;Total annuel;0;Conjoncture animale;Canards à rôtir;7.13.1;0;OUI
VOLAILLES_ECLOS;2020;FR;FR - France entière;Groupe d'indicateurs;Solde des échanges de poussins (nombre d'animaux);010.15.03.04;Périodicité;Décembre;0.12;Conjoncture animale;Canards à rôtir;7.13.1;0;OUI
VOLAILLES_ECLOS;2020;FR;FR - France entière;Groupe d'indicateurs;Solde des échanges de poussins (nombre d'animaux);010.15.03.04;Périodicité;Juillet;0.07;Conjoncture animale;Canards à rôtir;7.13.1;0;OUI
VOLAILLES_ECLOS;2020;FR;FR - France entière;Groupe d'indicateurs;Éclosions de poussins (nombre d'animaux);010.17.01;Périodicité;Novembre;0.11;Conjoncture animale;Canards à rôtir;7.13.1;2477;OUI
VOLAILLES_ECLOS;2020;FR;FR - France entière;Groupe d'indicateurs;Éclosions de poussins (nombre d'animaux);010.17.01;Périodicité;Mars;0.03;Conjoncture animale;Canards à rôtir;7.13.1;3458;OUI
VOLAILLES_ECLOS;2020;FR;FR - France entière;Groupe d'indicateurs;Éclosions de poussins (nombre d'animaux);010.17.01;Périodicité;Avril;0.04;Conjoncture animale;Canards gras;7.13.2;2387;OUI
VOLAILLES_ECLOS;2020;FR;FR - France entière;Groupe d'indicateurs;Éclosions de poussins (nombre d'animaux);010.17.01;Périodicité;Décembre;0.12;Conjoncture animale;Canards gras;7.13.2;2692;OUI
VOLAILLES_ECLOS;2020;FR;FR - France entière;Groupe d'indicateurs;Éclosions de poussins (nombre d'animaux);010.17.01;Périodicité;Août;0.08;Conjoncture animale;Canards gras;7.13.2;3402;OUI
VOLAILLES_ECLOS;2020;FR;FR - France entière;Groupe d'indicateurs;Éclosions de poussins (nombre d'animaux);010.17.01;Périodicité;Total annuel;0;Conjoncture animale;Canards gras;7.13.2;33688;OUI
VOLAILLES_ECLOS;2020;FR;FR - France entière;Groupe d'indicateurs;Éclosions de poussins (nombre d'animaux);010.17.01;Périodicité;Novembre;0.11;Conjoncture animale;Canards gras;7.13.2;2468;OUI
VOLAILLES_ECLOS;2020;FR;FR - France entière;Groupe d'indicateurs;Éclosions de poussins (nombre d'animaux);010.17.01;Périodicité;Septembre;0.09;Conjoncture animale;Canards gras;7.13.2;3161;OUI
VOLAILLES_ECLOS;2020;FR;FR - France entière;Groupe d'indicateurs;Éclosions de poussins (nombre d'animaux);010.17.01;Périodicité;Juillet;0.07;Conjoncture animale;Canards gras;7.13.2;3208;OUI
VOLAILLES_ECLOS;2020;FR;FR - France entière;Groupe d'indicateurs;Éclosions de poussins (nombre d'animaux);010.17.01;Périodicité;Janvier;0.01;Conjoncture animale;Canards gras;7.13.2;3043;OUI
VOLAILLES_ECLOS;2020;FR;FR - France entière;Groupe d'indicateurs;Éclosions de poussins (nombre d'animaux);010.17.01;Périodicité;Mai;0.05;Conjoncture animale;Canards gras;7.13.2;2113;OUI
VOLAILLES_ECLOS;2020;FR;FR - France entière;Groupe d'indicateurs;Éclosions de poussins (nombre d'animaux);010.17.01;Périodicité;Juin;0.06;Conjoncture animale;Canards gras;7.13.2;2914;OUI
VOLAILLES_ECLOS;2020;FR;FR - France entière;Groupe d'indicateurs;Éclosions de poussins (nombre d'animaux);010.17.01;Périodicité;Octobre;0.10;Conjoncture animale;Canards gras;7.13.2;2697;OUI
VOLAILLES_ECLOS;2020;FR;FR - France entière;Groupe d'indicateurs;Éclosions de poussins (nombre d'animaux);010.17.01;Périodicité;Mars;0.03;Conjoncture animale;Canards gras;7.13.2;2935;OUI
VOLAILLES_ECLOS;2020;FR;FR - France entière;Groupe d'indicateurs;Éclosions de poussins (nombre d'animaux);010.17.01;Périodicité;Février;0.02;Conjoncture animale;Canards gras;7.13.2;2667;OUI
VOLAILLES_ECLOS;2020;FR;FR - France entière;Groupe d'indicateurs;Éclosions de poussins (nombre d'animaux);010.17.01;Périodicité;Août;0.08;Conjoncture animale;Pintades;7.14;2508;OUI
VOLAILLES_ECLOS;2020;FR;FR - France entière;Groupe d'indicateurs;Solde des échanges de poussins (nombre d'animaux);010.15.03.04;Périodicité;Avril;0.04;Conjoncture animale;Pintades;7.14;106;OUI
VOLAILLES_ECLOS;2020;FR;FR - France entière;Groupe d'indicateurs;Éclosions de poussins (nombre d'animaux);010.17.01;Périodicité;Juin;0.06;Conjoncture animale;Pintades;7.14;2405;OUI
VOLAILLES_ECLOS;2020;FR;FR - France entière;Groupe d'indicateurs;Mise en place de poussins (y.c. poules reproductrices);010.17.02;Périodicité;Novembre;0.11;Conjoncture animale;Pintades;7.14;1560;OUI
VOLAILLES_ECLOS;2020;FR;FR - France entière;Groupe d'indicateurs;Mise en place de poussins (y.c. poules reproductrices);010.17.02;Périodicité;Juin;0.06;Conjoncture animale;Pintades;7.14;2317;OUI
VOLAILLES_ECLOS;2020;FR;FR - France entière;Groupe d'indicateurs;Solde des échanges de poussins (nombre d'animaux);010.15.03.04;Périodicité;Juillet;0.07;Conjoncture animale;Pintades;7.14;115;OUI
VOLAILLES_ECLOS;2020;FR;FR - France entière;Groupe d'indicateurs;Éclosions de poussins (nombre d'animaux);010.17.01;Périodicité;Total annuel;0;Conjoncture animale;Pintades;7.14;26995;OUI
VOLAILLES_ECLOS;2020;FR;FR - France entière;Groupe d'indicateurs;Éclosions de poussins (nombre d'animaux);010.17.01;Périodicité;Octobre;0.10;Conjoncture animale;Pintades;7.14;1893;OUI
VOLAILLES_ECLOS;2020;FR;FR - France entière;Groupe d'indicateurs;Mise en place de poussins (y.c. poules reproductrices);010.17.02;Périodicité;Février;0.02;Conjoncture animale;Pintades;7.14;2007;OUI
VOLAILLES_ECLOS;2020;FR;FR - France entière;Groupe d'indicateurs;Solde des échanges de poussins (nombre d'animaux);010.15.03.04;Périodicité;Janvier;0.01;Conjoncture animale;Pintades;7.14;288;OUI
VOLAILLES_ECLOS;2020;FR;FR - France entière;Groupe d'indicateurs;Solde des échanges de poussins (nombre d'animaux);010.15.03.04;Périodicité;Décembre;0.12;Conjoncture animale;Pintades;7.14;229;OUI
VOLAILLES_ECLOS;2020;FR;FR - France entière;Groupe d'indicateurs;Mise en place de poussins (y.c. poules reproductrices);010.17.02;Périodicité;Mars;0.03;Conjoncture animale;Pintades;7.14;1858;OUI
VOLAILLES_ECLOS;2020;FR;FR - France entière;Groupe d'indicateurs;Éclosions de poussins (nombre d'animaux);010.17.01;Périodicité;Mai;0.05;Conjoncture animale;Pintades;7.14;1530;OUI
VOLAILLES_ECLOS;2020;FR;FR - France entière;Groupe d'indicateurs;Mise en place de poussins (y.c. poules reproductrices);010.17.02;Périodicité;Août;0.08;Conjoncture animale;Pintades;7.14;2408;OUI
VOLAILLES_ECLOS;2020;FR;FR - France entière;Groupe d'indicateurs;Solde des échanges de poussins (nombre d'animaux);010.15.03.04;Périodicité;Septembre;0.09;Conjoncture animale;Pintades;7.14;125;OUI
VOLAILLES_ECLOS;2020;FR;FR - France entière;Groupe d'indicateurs;Solde des échanges de poussins (nombre d'animaux);010.15.03.04;Périodicité;Total annuel;0;Conjoncture animale;Pintades;7.14;1716;OUI
VOLAILLES_ECLOS;2020;FR;FR - France entière;Groupe d'indicateurs;Solde des échanges de poussins (nombre d'animaux);010.15.03.04;Périodicité;Mai;0.05;Conjoncture animale;Pintades;7.14;78;OUI
VOLAILLES_ECLOS;2020;FR;FR - France entière;Groupe d'indicateurs;Éclosions de poussins (nombre d'animaux);010.17.01;Périodicité;Décembre;0.12;Conjoncture animale;Pintades;7.14;2287;OUI
VOLAILLES_ECLOS;2020;FR;FR - France entière;Groupe d'indicateurs;Mise en place de poussins (y.c. poules reproductrices);010.17.02;Périodicité;Juillet;0.07;Conjoncture animale;Pintades;7.14;2402;OUI
VOLAILLES_ECLOS;2020;FR;FR - France entière;Groupe d'indicateurs;Solde des échanges de poussins (nombre d'animaux);010.15.03.04;Périodicité;Août;0.08;Conjoncture animale;Pintades;7.14;99;OUI
VOLAILLES_ECLOS;2020;FR;FR - France entière;Groupe d'indicateurs;Éclosions de poussins (nombre d'animaux);010.17.01;Périodicité;Septembre;0.09;Conjoncture animale;Pintades;7.14;3890;OUI
VOLAILLES_ECLOS;2020;FR;FR - France entière;Groupe d'indicateurs;Éclosions de poussins (nombre d'animaux);010.17.01;Périodicité;Février;0.02;Conjoncture animale;Pintades;7.14;2120;OUI
VOLAILLES_ECLOS;2020;FR;FR - France entière;Groupe d'indicateurs;Mise en place de poussins (y.c. poules reproductrices);010.17.02;Périodicité;Octobre;0.10;Conjoncture animale;Pintades;7.14;1670;OUI
VOLAILLES_ECLOS;2020;FR;FR - France entière;Groupe d'indicateurs;Éclosions de poussins (nombre d'animaux);010.17.01;Périodicité;Juillet;0.07;Conjoncture animale;Pintades;7.14;2517;OUI
VOLAILLES_ECLOS;2020;FR;FR - France entière;Groupe d'indicateurs;Mise en place de poussins (y.c. poules reproductrices);010.17.02;Périodicité;Décembre;0.12;Conjoncture animale;Pintades;7.14;2058;OUI
VOLAILLES_ECLOS;2020;FR;FR - France entière;Groupe d'indicateurs;Solde des échanges de poussins (nombre d'animaux);010.15.03.04;Périodicité;Novembre;0.11;Conjoncture animale;Pintades;7.14;139;OUI
VOLAILLES_ECLOS;2020;FR;FR - France entière;Groupe d'indicateurs;Éclosions de poussins (nombre d'animaux);010.17.01;Périodicité;Avril;0.04;Conjoncture animale;Pintades;7.14;1715;OUI
VOLAILLES_ECLOS;2020;FR;FR - France entière;Groupe d'indicateurs;Mise en place de poussins (y.c. poules reproductrices);010.17.02;Périodicité;Avril;0.04;Conjoncture animale;Pintades;7.14;1609;OUI
VOLAILLES_ECLOS;2020;FR;FR - France entière;Groupe d'indicateurs;Mise en place de poussins (y.c. poules reproductrices);010.17.02;Périodicité;Janvier;0.01;Conjoncture animale;Pintades;7.14;2171;OUI
VOLAILLES_ECLOS;2020;FR;FR - France entière;Groupe d'indicateurs;Éclosions de poussins (nombre d'animaux);010.17.01;Périodicité;Janvier;0.01;Conjoncture animale;Pintades;7.14;2459;OUI
VOLAILLES_ECLOS;2020;FR;FR - France entière;Groupe d'indicateurs;Éclosions de poussins (nombre d'animaux);010.17.01;Périodicité;Novembre;0.11;Conjoncture animale;Pintades;7.14;1700;OUI
VOLAILLES_ECLOS;2020;FR;FR - France entière;Groupe d'indicateurs;Éclosions de poussins (nombre d'animaux);010.17.01;Périodicité;Mars;0.03;Conjoncture animale;Pintades;7.14;1971;OUI
VOLAILLES_ECLOS;2020;FR;FR - France entière;Groupe d'indicateurs;Solde des échanges de poussins (nombre d'animaux);010.15.03.04;Périodicité;Février;0.02;Conjoncture animale;Pintades;7.14;113;OUI
VOLAILLES_ECLOS;2020;FR;FR - France entière;Groupe d'indicateurs;Solde des échanges de poussins (nombre d'animaux);010.15.03.04;Périodicité;Octobre;0.10;Conjoncture animale;Pintades;7.14;223;OUI
VOLAILLES_ECLOS;2020;FR;FR - France entière;Groupe d'indicateurs;Solde des échanges de poussins (nombre d'animaux);010.15.03.04;Périodicité;Juin;0.06;Conjoncture animale;Pintades;7.14;87;OUI
VOLAILLES_ECLOS;2020;FR;FR - France entière;Groupe d'indicateurs;Solde des échanges de poussins (nombre d'animaux);010.15.03.04;Périodicité;Mars;0.03;Conjoncture animale;Pintades;7.14;114;OUI
VOLAILLES_ECLOS;2020;FR;FR - France entière;Groupe d'indicateurs;Mise en place de poussins (y.c. poules reproductrices);010.17.02;Périodicité;Mai;0.05;Conjoncture animale;Pintades;7.14;1452;OUI
VOLAILLES_ECLOS;2020;FR;FR - France entière;Groupe d'indicateurs;Mise en place de poussins (y.c. poules reproductrices);010.17.02;Périodicité;Total annuel;0;Conjoncture animale;Pintades;7.14;25278;OUI
VOLAILLES_ECLOS;2020;FR;FR - France entière;Groupe d'indicateurs;Mise en place de poussins (y.c. poules reproductrices);010.17.02;Périodicité;Septembre;0.09;Conjoncture animale;Pintades;7.14;3766;OUI
VOLAILLES_ECLOS;2020;FR;FR - France entière;Groupe d'indicateurs;Solde des échanges de poussins (nombre d'animaux);010.15.03.04;Périodicité;Mars;0.03;Conjoncture animale;Oies;7.15;13;OUI
VOLAILLES_ECLOS;2020;FR;FR - France entière;Groupe d'indicateurs;Mise en place de poussins (y.c. poules reproductrices);010.17.02;Périodicité;Avril;0.04;Conjoncture animale;Oies;7.15;92;OUI
VOLAILLES_ECLOS;2020;FR;FR - France entière;Groupe d'indicateurs;Éclosions de poussins (nombre d'animaux);010.17.01;Périodicité;Juin;0.06;Conjoncture animale;Oies;7.15;110;OUI
VOLAILLES_ECLOS;2020;FR;FR - France entière;Groupe d'indicateurs;Éclosions de poussins (nombre d'animaux);010.17.01;Périodicité;Janvier;0.01;Conjoncture animale;Oies;7.15;14;OUI
VOLAILLES_ECLOS;2020;FR;FR - France entière;Groupe d'indicateurs;Mise en place de poussins (y.c. poules reproductrices);010.17.02;Périodicité;Mars;0.03;Conjoncture animale;Oies;7.15;26;OUI
VOLAILLES_ECLOS;2020;FR;FR - France entière;Groupe d'indicateurs;Solde des échanges de poussins (nombre d'animaux);010.15.03.04;Périodicité;Mai;0.05;Conjoncture animale;Oies;7.15;19;OUI
VOLAILLES_ECLOS;2020;FR;FR - France entière;Groupe d'indicateurs;Solde des échanges de poussins (nombre d'animaux);010.15.03.04;Périodicité;Avril;0.04;Conjoncture animale;Oies;7.15;15;OUI
VOLAILLES_ECLOS;2020;FR;FR - France entière;Groupe d'indicateurs;Éclosions de poussins (nombre d'animaux);010.17.01;Périodicité;Décembre;0.12;Conjoncture animale;Oies;7.15;14;OUI
VOLAILLES_ECLOS;2020;FR;FR - France entière;Groupe d'indicateurs;Solde des échanges de poussins (nombre d'animaux);010.15.03.04;Périodicité;Total annuel;0;Conjoncture animale;Oies;7.15;63;OUI
VOLAILLES_ECLOS;2020;FR;FR - France entière;Groupe d'indicateurs;Éclosions de poussins (nombre d'animaux);010.17.01;Périodicité;Total annuel;0;Conjoncture animale;Oies;7.15;507;OUI
VOLAILLES_ECLOS;2020;FR;FR - France entière;Groupe d'indicateurs;Éclosions de poussins (nombre d'animaux);010.17.01;Périodicité;Juillet;0.07;Conjoncture animale;Oies;7.15;39;OUI
VOLAILLES_ECLOS;2020;FR;FR - France entière;Groupe d'indicateurs;Mise en place de poussins (y.c. poules reproductrices);010.17.02;Périodicité;Septembre;0.09;Conjoncture animale;Oies;7.15;13;OUI
VOLAILLES_ECLOS;2020;FR;FR - France entière;Groupe d'indicateurs;Éclosions de poussins (nombre d'animaux);010.17.01;Périodicité;Avril;0.04;Conjoncture animale;Oies;7.15;107;OUI
VOLAILLES_ECLOS;2020;FR;FR - France entière;Groupe d'indicateurs;Mise en place de poussins (y.c. poules reproductrices);010.17.02;Périodicité;Juillet;0.07;Conjoncture animale;Oies;7.15;37;OUI
VOLAILLES_ECLOS;2020;FR;FR - France entière;Groupe d'indicateurs;Mise en place de poussins (y.c. poules reproductrices);010.17.02;Périodicité;Octobre;0.10;Conjoncture animale;Oies;7.15;14;OUI
VOLAILLES_ECLOS;2020;FR;FR - France entière;Groupe d'indicateurs;Éclosions de poussins (nombre d'animaux);010.17.01;Périodicité;Août;0.08;Conjoncture animale;Oies;7.15;17;OUI
VOLAILLES_ECLOS;2020;FR;FR - France entière;Groupe d'indicateurs;Mise en place de poussins (y.c. poules reproductrices);010.17.02;Périodicité;Juin;0.06;Conjoncture animale;Oies;7.15;96;OUI
VOLAILLES_ECLOS;2020;FR;FR - France entière;Groupe d'indicateurs;Mise en place de poussins (y.c. poules reproductrices);010.17.02;Périodicité;Total annuel;0;Conjoncture animale;Oies;7.15;444;OUI
VOLAILLES_ECLOS;2020;FR;FR - France entière;Groupe d'indicateurs;Éclosions de poussins (nombre d'animaux);010.17.01;Périodicité;Octobre;0.10;Conjoncture animale;Oies;7.15;14;OUI
VOLAILLES_ECLOS;2020;FR;FR - France entière;Groupe d'indicateurs;Éclosions de poussins (nombre d'animaux);010.17.01;Périodicité;Septembre;0.09;Conjoncture animale;Oies;7.15;13;OUI
VOLAILLES_ECLOS;2020;FR;FR - France entière;Groupe d'indicateurs;Éclosions de poussins (nombre d'animaux);010.17.01;Périodicité;Mars;0.03;Conjoncture animale;Oies;7.15;39;OUI
VOLAILLES_ECLOS;2020;FR;FR - France entière;Groupe d'indicateurs;Mise en place de poussins (y.c. poules reproductrices);010.17.02;Périodicité;Novembre;0.11;Conjoncture animale;Oies;7.15;10;OUI
VOLAILLES_ECLOS;2020;FR;FR - France entière;Groupe d'indicateurs;Solde des échanges de poussins (nombre d'animaux);010.15.03.04;Périodicité;Juin;0.06;Conjoncture animale;Oies;7.15;14;OUI
VOLAILLES_ECLOS;2020;FR;FR - France entière;Groupe d'indicateurs;Mise en place de poussins (y.c. poules reproductrices);010.17.02;Périodicité;Août;0.08;Conjoncture animale;Oies;7.15;17;OUI
VOLAILLES_ECLOS;2020;FR;FR - France entière;Groupe d'indicateurs;Mise en place de poussins (y.c. poules reproductrices);010.17.02;Périodicité;Février;0.02;Conjoncture animale;Oies;7.15;11;OUI
VOLAILLES_ECLOS;2020;FR;FR - France entière;Groupe d'indicateurs;Solde des échanges de poussins (nombre d'animaux);010.15.03.04;Périodicité;Juillet;0.07;Conjoncture animale;Oies;7.15;2;OUI
VOLAILLES_ECLOS;2020;FR;FR - France entière;Groupe d'indicateurs;Éclosions de poussins (nombre d'animaux);010.17.01;Périodicité;Mai;0.05;Conjoncture animale;Oies;7.15;117;OUI
VOLAILLES_ECLOS;2020;FR;FR - France entière;Groupe d'indicateurs;Éclosions de poussins (nombre d'animaux);010.17.01;Périodicité;Novembre;0.11;Conjoncture animale;Oies;7.15;10;OUI
VOLAILLES_ECLOS;2020;FR;FR - France entière;Groupe d'indicateurs;Mise en place de poussins (y.c. poules reproductrices);010.17.02;Périodicité;Décembre;0.12;Conjoncture animale;Oies;7.15;14;OUI
VOLAILLES_ECLOS;2020;FR;FR - France entière;Groupe d'indicateurs;Mise en place de poussins (y.c. poules reproductrices);010.17.02;Périodicité;Mai;0.05;Conjoncture animale;Oies;7.15;98;OUI
VOLAILLES_ECLOS;2020;FR;FR - France entière;Groupe d'indicateurs;Mise en place de poussins (y.c. poules reproductrices);010.17.02;Périodicité;Janvier;0.01;Conjoncture animale;Oies;7.15;14;OUI
VOLAILLES_ECLOS;2020;FR;FR - France entière;Groupe d'indicateurs;Éclosions de poussins (nombre d'animaux);010.17.01;Périodicité;Février;0.02;Conjoncture animale;Oies;7.15;11;OUI
VOLAILLES_ECLOS;2020;FR;FR - France entière;Groupe d'indicateurs;Éclosions de poussins (nombre d'animaux);010.17.01;Périodicité;Juillet;0.07;Conjoncture animale;Oies à rôtir;7.15.1;20;OUI
VOLAILLES_ECLOS;2020;FR;FR - France entière;Groupe d'indicateurs;Éclosions de poussins (nombre d'animaux);010.17.01;Périodicité;Avril;0.04;Conjoncture animale;Oies à rôtir;7.15.1;76;OUI
VOLAILLES_ECLOS;2020;FR;FR - France entière;Groupe d'indicateurs;Éclosions de poussins (nombre d'animaux);010.17.01;Périodicité;Mai;0.05;Conjoncture animale;Oies à rôtir;7.15.1;88;OUI
VOLAILLES_ECLOS;2020;FR;FR - France entière;Groupe d'indicateurs;Éclosions de poussins (nombre d'animaux);010.17.01;Périodicité;Janvier;0.01;Conjoncture animale;Oies à rôtir;7.15.1;0;OUI
VOLAILLES_ECLOS;2020;FR;FR - France entière;Groupe d'indicateurs;Éclosions de poussins (nombre d'animaux);010.17.01;Périodicité;Septembre;0.09;Conjoncture animale;Oies à rôtir;7.15.1;0;OUI
VOLAILLES_ECLOS;2020;FR;FR - France entière;Groupe d'indicateurs;Éclosions de poussins (nombre d'animaux);010.17.01;Périodicité;Mars;0.03;Conjoncture animale;Oies à rôtir;7.15.1;18;OUI
VOLAILLES_ECLOS;2020;FR;FR - France entière;Groupe d'indicateurs;Éclosions de poussins (nombre d'animaux);010.17.01;Périodicité;Décembre;0.12;Conjoncture animale;Oies à rôtir;7.15.1;0;OUI
VOLAILLES_ECLOS;2020;FR;FR - France entière;Groupe d'indicateurs;Éclosions de poussins (nombre d'animaux);010.17.01;Périodicité;Total annuel;0;Conjoncture animale;Oies à rôtir;7.15.1;279;OUI
VOLAILLES_ECLOS;2020;FR;FR - France entière;Groupe d'indicateurs;Éclosions de poussins (nombre d'animaux);010.17.01;Périodicité;Octobre;0.10;Conjoncture animale;Oies à rôtir;7.15.1;0;OUI
VOLAILLES_ECLOS;2020;FR;FR - France entière;Groupe d'indicateurs;Éclosions de poussins (nombre d'animaux);010.17.01;Périodicité;Février;0.02;Conjoncture animale;Oies à rôtir;7.15.1;0;OUI
VOLAILLES_ECLOS;2020;FR;FR - France entière;Groupe d'indicateurs;Éclosions de poussins (nombre d'animaux);010.17.01;Périodicité;Juin;0.06;Conjoncture animale;Oies à rôtir;7.15.1;78;OUI
VOLAILLES_ECLOS;2020;FR;FR - France entière;Groupe d'indicateurs;Éclosions de poussins (nombre d'animaux);010.17.01;Périodicité;Août;0.08;Conjoncture animale;Oies à rôtir;7.15.1;0;OUI
VOLAILLES_ECLOS;2020;FR;FR - France entière;Groupe d'indicateurs;Éclosions de poussins (nombre d'animaux);010.17.01;Périodicité;Novembre;0.11;Conjoncture animale;Oies à rôtir;7.15.1;0;OUI
VOLAILLES_ECLOS;2020;FR;FR - France entière;Groupe d'indicateurs;Éclosions de poussins (nombre d'animaux);010.17.01;Périodicité;Juillet;0.07;Conjoncture animale;Oies grasses;7.15.2;20;OUI
VOLAILLES_ECLOS;2020;FR;FR - France entière;Groupe d'indicateurs;Éclosions de poussins (nombre d'animaux);010.17.01;Périodicité;Janvier;0.01;Conjoncture animale;Oies grasses;7.15.2;14;OUI
VOLAILLES_ECLOS;2020;FR;FR - France entière;Groupe d'indicateurs;Éclosions de poussins (nombre d'animaux);010.17.01;Périodicité;Avril;0.04;Conjoncture animale;Oies grasses;7.15.2;31;OUI
VOLAILLES_ECLOS;2020;FR;FR - France entière;Groupe d'indicateurs;Éclosions de poussins (nombre d'animaux);010.17.01;Périodicité;Total annuel;0;Conjoncture animale;Oies grasses;7.15.2;227;OUI
VOLAILLES_ECLOS;2020;FR;FR - France entière;Groupe d'indicateurs;Éclosions de poussins (nombre d'animaux);010.17.01;Périodicité;Juin;0.06;Conjoncture animale;Oies grasses;7.15.2;33;OUI
VOLAILLES_ECLOS;2020;FR;FR - France entière;Groupe d'indicateurs;Éclosions de poussins (nombre d'animaux);010.17.01;Périodicité;Novembre;0.11;Conjoncture animale;Oies grasses;7.15.2;10;OUI
VOLAILLES_ECLOS;2020;FR;FR - France entière;Groupe d'indicateurs;Éclosions de poussins (nombre d'animaux);010.17.01;Périodicité;Septembre;0.09;Conjoncture animale;Oies grasses;7.15.2;13;OUI
VOLAILLES_ECLOS;2020;FR;FR - France entière;Groupe d'indicateurs;Éclosions de poussins (nombre d'animaux);010.17.01;Périodicité;Mars;0.03;Conjoncture animale;Oies grasses;7.15.2;21;OUI
VOLAILLES_ECLOS;2020;FR;FR - France entière;Groupe d'indicateurs;Éclosions de poussins (nombre d'animaux);010.17.01;Périodicité;Août;0.08;Conjoncture animale;Oies grasses;7.15.2;17;OUI
VOLAILLES_ECLOS;2020;FR;FR - France entière;Groupe d'indicateurs;Éclosions de poussins (nombre d'animaux);010.17.01;Périodicité;Octobre;0.10;Conjoncture animale;Oies grasses;7.15.2;14;OUI
VOLAILLES_ECLOS;2020;FR;FR - France entière;Groupe d'indicateurs;Éclosions de poussins (nombre d'animaux);010.17.01;Périodicité;Décembre;0.12;Conjoncture animale;Oies grasses;7.15.2;14;OUI
VOLAILLES_ECLOS;2020;FR;FR - France entière;Groupe d'indicateurs;Éclosions de poussins (nombre d'animaux);010.17.01;Périodicité;Février;0.02;Conjoncture animale;Oies grasses;7.15.2;11;OUI
VOLAILLES_ECLOS;2020;FR;FR - France entière;Groupe d'indicateurs;Éclosions de poussins (nombre d'animaux);010.17.01;Périodicité;Mai;0.05;Conjoncture animale;Oies grasses;7.15.2;29;OUI
