NOM;ANNREF;GEOGRAPHIE;GEOGRAPHIE_LIB;N027;N027_LIB;N027_MOD;N053;N053_LIB;N053_MOD;N500;N500_LIB;N500_MOD;VALEUR;QUALITE
CONSOVIANDE;1999;FR;FR - France entière;Groupe d'indicateurs;Consommation brute (en volume);020.12;Périodicité;Janvier;0.01;Consommation de viande;TOTAL VIANDES;1;455.337;OUI
CONSOVIANDE;1999;FR;FR - France entière;Groupe d'indicateurs;Consommation brute (en volume);020.12;Périodicité;Août;0.08;Consommation de viande;TOTAL VIANDES;1;457.05;OUI
CONSOVIANDE;1999;FR;FR - France entière;Groupe d'indicateurs;Consommation brute (en volume);020.12;Périodicité;Mars;0.03;Consommation de viande;TOTAL VIANDES;1;508.939;OUI
CONSOVIANDE;1999;FR;FR - France entière;Groupe d'indicateurs;Consommation brute (en volume);020.12;Périodicité;Juin;0.06;Consommation de viande;TOTAL VIANDES;1;469.951;OUI
CONSOVIANDE;1999;FR;FR - France entière;Groupe d'indicateurs;Consommation brute CVJA (en volume);020.13;Périodicité;Août;0.08;Consommation de viande;TOTAL VIANDES;1;442.345;OUI
CONSOVIANDE;1999;FR;FR - France entière;Groupe d'indicateurs;Consommation brute (en volume);020.12;Périodicité;Novembre;0.11;Consommation de viande;TOTAL VIANDES;1;448.542;OUI
CONSOVIANDE;1999;FR;FR - France entière;Groupe d'indicateurs;Consommation brute CVJA (en volume);020.13;Périodicité;Février;0.02;Consommation de viande;TOTAL VIANDES;1;439.265;OUI
CONSOVIANDE;1999;FR;FR - France entière;Groupe d'indicateurs;Consommation brute (en volume);020.12;Périodicité;Total annuel;0;Consommation de viande;TOTAL VIANDES;1;5444.245;OUI
CONSOVIANDE;1999;FR;FR - France entière;Groupe d'indicateurs;Consommation brute CVJA (en volume);020.13;Périodicité;Mai;0.05;Consommation de viande;TOTAL VIANDES;1;445.556;OUI
CONSOVIANDE;1999;FR;FR - France entière;Groupe d'indicateurs;Consommation brute (en volume);020.12;Périodicité;Mai;0.05;Consommation de viande;TOTAL VIANDES;1;437.635;OUI
CONSOVIANDE;1999;FR;FR - France entière;Groupe d'indicateurs;Consommation brute CVJA (en volume);020.13;Périodicité;Juillet;0.07;Consommation de viande;TOTAL VIANDES;1;427.16;OUI
CONSOVIANDE;1999;FR;FR - France entière;Groupe d'indicateurs;Consommation brute (en volume);020.12;Périodicité;Avril;0.04;Consommation de viande;TOTAL VIANDES;1;438.558;OUI
CONSOVIANDE;1999;FR;FR - France entière;Groupe d'indicateurs;Consommation brute CVJA (en volume);020.13;Périodicité;Janvier;0.01;Consommation de viande;TOTAL VIANDES;1;485.409;OUI
CONSOVIANDE;1999;FR;FR - France entière;Groupe d'indicateurs;Consommation brute CVJA (en volume);020.13;Périodicité;Avril;0.04;Consommation de viande;TOTAL VIANDES;1;426.327;OUI
CONSOVIANDE;1999;FR;FR - France entière;Groupe d'indicateurs;Consommation brute (en volume);020.12;Périodicité;Juillet;0.07;Consommation de viande;TOTAL VIANDES;1;438.564;OUI
CONSOVIANDE;1999;FR;FR - France entière;Groupe d'indicateurs;Consommation brute CVJA (en volume);020.13;Périodicité;Novembre;0.11;Consommation de viande;TOTAL VIANDES;1;439.232;OUI
CONSOVIANDE;1999;FR;FR - France entière;Groupe d'indicateurs;Consommation brute CVJA (en volume);020.13;Périodicité;Total annuel;0;Consommation de viande;TOTAL VIANDES;1;5376.703;OUI
CONSOVIANDE;1999;FR;FR - France entière;Groupe d'indicateurs;Consommation brute (en volume);020.12;Périodicité;Février;0.02;Consommation de viande;TOTAL VIANDES;1;406.882;OUI
CONSOVIANDE;1999;FR;FR - France entière;Groupe d'indicateurs;Consommation brute (en volume);020.12;Périodicité;Décembre;0.12;Consommation de viande;TOTAL VIANDES;1;479.724;OUI
CONSOVIANDE;1999;FR;FR - France entière;Groupe d'indicateurs;Consommation brute CVJA (en volume);020.13;Périodicité;Juin;0.06;Consommation de viande;TOTAL VIANDES;1;458.447;OUI
CONSOVIANDE;1999;FR;FR - France entière;Groupe d'indicateurs;Consommation brute (en volume);020.12;Périodicité;Septembre;0.09;Consommation de viande;TOTAL VIANDES;1;471.154;OUI
CONSOVIANDE;1999;FR;FR - France entière;Groupe d'indicateurs;Consommation brute CVJA (en volume);020.13;Périodicité;Mars;0.03;Consommation de viande;TOTAL VIANDES;1;468.814;OUI
CONSOVIANDE;1999;FR;FR - France entière;Groupe d'indicateurs;Consommation brute CVJA (en volume);020.13;Périodicité;Décembre;0.12;Consommation de viande;TOTAL VIANDES;1;445.377;OUI
CONSOVIANDE;1999;FR;FR - France entière;Groupe d'indicateurs;Consommation brute CVJA (en volume);020.13;Périodicité;Septembre;0.09;Consommation de viande;TOTAL VIANDES;1;461.948;OUI
CONSOVIANDE;1999;FR;FR - France entière;Groupe d'indicateurs;Consommation brute CVJA (en volume);020.13;Périodicité;Octobre;0.10;Consommation de viande;TOTAL VIANDES;1;436.824;OUI
CONSOVIANDE;1999;FR;FR - France entière;Groupe d'indicateurs;Consommation brute (en volume);020.12;Périodicité;Octobre;0.10;Consommation de viande;TOTAL VIANDES;1;431.91;OUI
CONSOVIANDE;1999;FR;FR - France entière;Groupe d'indicateurs;Consommation brute (en volume);020.12;Périodicité;Avril;0.04;Consommation de viande;Viande d'animaux de boucherie;1.1;327.971;OUI
CONSOVIANDE;1999;FR;FR - France entière;Groupe d'indicateurs;Consommation brute (en volume);020.12;Périodicité;Août;0.08;Consommation de viande;Viande d'animaux de boucherie;1.1;354.435;OUI
CONSOVIANDE;1999;FR;FR - France entière;Groupe d'indicateurs;Consommation brute (en volume);020.12;Périodicité;Mai;0.05;Consommation de viande;Viande d'animaux de boucherie;1.1;331.443;OUI
CONSOVIANDE;1999;FR;FR - France entière;Groupe d'indicateurs;Consommation brute CVJA (en volume);020.13;Périodicité;Juillet;0.07;Consommation de viande;Viande d'animaux de boucherie;1.1;328.681;OUI
CONSOVIANDE;1999;FR;FR - France entière;Groupe d'indicateurs;Consommation brute (en volume);020.12;Périodicité;Janvier;0.01;Consommation de viande;Viande d'animaux de boucherie;1.1;350.379;OUI
CONSOVIANDE;1999;FR;FR - France entière;Groupe d'indicateurs;Consommation brute (en volume);020.12;Périodicité;Juin;0.06;Consommation de viande;Viande d'animaux de boucherie;1.1;350.312;OUI
CONSOVIANDE;1999;FR;FR - France entière;Groupe d'indicateurs;Consommation brute CVJA (en volume);020.13;Périodicité;Total annuel;0;Consommation de viande;Viande d'animaux de boucherie;1.1;4078.076;OUI
CONSOVIANDE;1999;FR;FR - France entière;Groupe d'indicateurs;Consommation brute (en volume);020.12;Périodicité;Juillet;0.07;Consommation de viande;Viande d'animaux de boucherie;1.1;337.882;OUI
CONSOVIANDE;1999;FR;FR - France entière;Groupe d'indicateurs;Consommation brute (en volume);020.12;Périodicité;Octobre;0.10;Consommation de viande;Viande d'animaux de boucherie;1.1;333.46;OUI
CONSOVIANDE;1999;FR;FR - France entière;Groupe d'indicateurs;Consommation brute CVJA (en volume);020.13;Périodicité;Mai;0.05;Consommation de viande;Viande d'animaux de boucherie;1.1;334.613;OUI
CONSOVIANDE;1999;FR;FR - France entière;Groupe d'indicateurs;Consommation brute CVJA (en volume);020.13;Périodicité;Février;0.02;Consommation de viande;Viande d'animaux de boucherie;1.1;328.394;OUI
CONSOVIANDE;1999;FR;FR - France entière;Groupe d'indicateurs;Consommation brute CVJA (en volume);020.13;Périodicité;Août;0.08;Consommation de viande;Viande d'animaux de boucherie;1.1;342.109;OUI
CONSOVIANDE;1999;FR;FR - France entière;Groupe d'indicateurs;Consommation brute CVJA (en volume);020.13;Périodicité;Janvier;0.01;Consommation de viande;Viande d'animaux de boucherie;1.1;368.545;OUI
CONSOVIANDE;1999;FR;FR - France entière;Groupe d'indicateurs;Consommation brute (en volume);020.12;Périodicité;Novembre;0.11;Consommation de viande;Viande d'animaux de boucherie;1.1;350.783;OUI
CONSOVIANDE;1999;FR;FR - France entière;Groupe d'indicateurs;Consommation brute (en volume);020.12;Périodicité;Total annuel;0;Consommation de viande;Viande d'animaux de boucherie;1.1;4145.803;OUI
CONSOVIANDE;1999;FR;FR - France entière;Groupe d'indicateurs;Consommation brute (en volume);020.12;Périodicité;Février;0.02;Consommation de viande;Viande d'animaux de boucherie;1.1;308.255;OUI
CONSOVIANDE;1999;FR;FR - France entière;Groupe d'indicateurs;Consommation brute CVJA (en volume);020.13;Périodicité;Octobre;0.10;Consommation de viande;Viande d'animaux de boucherie;1.1;334.087;OUI
CONSOVIANDE;1999;FR;FR - France entière;Groupe d'indicateurs;Consommation brute CVJA (en volume);020.13;Périodicité;Mars;0.03;Consommation de viande;Viande d'animaux de boucherie;1.1;349.255;OUI
CONSOVIANDE;1999;FR;FR - France entière;Groupe d'indicateurs;Consommation brute (en volume);020.12;Périodicité;Décembre;0.12;Consommation de viande;Viande d'animaux de boucherie;1.1;362.02;OUI
CONSOVIANDE;1999;FR;FR - France entière;Groupe d'indicateurs;Consommation brute (en volume);020.12;Périodicité;Septembre;0.09;Consommation de viande;Viande d'animaux de boucherie;1.1;360.791;OUI
CONSOVIANDE;1999;FR;FR - France entière;Groupe d'indicateurs;Consommation brute CVJA (en volume);020.13;Périodicité;Avril;0.04;Consommation de viande;Viande d'animaux de boucherie;1.1;318.165;OUI
CONSOVIANDE;1999;FR;FR - France entière;Groupe d'indicateurs;Consommation brute CVJA (en volume);020.13;Périodicité;Novembre;0.11;Consommation de viande;Viande d'animaux de boucherie;1.1;342.478;OUI
CONSOVIANDE;1999;FR;FR - France entière;Groupe d'indicateurs;Consommation brute (en volume);020.12;Périodicité;Mars;0.03;Consommation de viande;Viande d'animaux de boucherie;1.1;378.073;OUI
CONSOVIANDE;1999;FR;FR - France entière;Groupe d'indicateurs;Consommation brute CVJA (en volume);020.13;Périodicité;Décembre;0.12;Consommation de viande;Viande d'animaux de boucherie;1.1;337.754;OUI
CONSOVIANDE;1999;FR;FR - France entière;Groupe d'indicateurs;Consommation brute CVJA (en volume);020.13;Périodicité;Septembre;0.09;Consommation de viande;Viande d'animaux de boucherie;1.1;353.238;OUI
CONSOVIANDE;1999;FR;FR - France entière;Groupe d'indicateurs;Consommation brute CVJA (en volume);020.13;Périodicité;Juin;0.06;Consommation de viande;Viande d'animaux de boucherie;1.1;340.758;OUI
CONSOVIANDE;1999;FR;FR - France entière;Groupe d'indicateurs;Consommation brute (en volume);020.12;Périodicité;Août;0.08;Consommation de viande;Viande bovine avec onglet et hampe;1.1.1;134.437;OUI
CONSOVIANDE;1999;FR;FR - France entière;Groupe d'indicateurs;Consommation brute CVJA (en volume);020.13;Périodicité;Août;0.08;Consommation de viande;Viande bovine avec onglet et hampe;1.1.1;131.539;OUI
CONSOVIANDE;1999;FR;FR - France entière;Groupe d'indicateurs;Consommation brute (en volume);020.12;Périodicité;Octobre;0.10;Consommation de viande;Viande bovine avec onglet et hampe;1.1.1;131.145;OUI
CONSOVIANDE;1999;FR;FR - France entière;Groupe d'indicateurs;Consommation brute (en volume);020.12;Périodicité;Février;0.02;Consommation de viande;Viande bovine avec onglet et hampe;1.1.1;118.591;OUI
CONSOVIANDE;1999;FR;FR - France entière;Groupe d'indicateurs;Consommation brute (en volume);020.12;Périodicité;Mai;0.05;Consommation de viande;Viande bovine avec onglet et hampe;1.1.1;130.382;OUI
CONSOVIANDE;1999;FR;FR - France entière;Groupe d'indicateurs;Consommation brute (en volume);020.12;Périodicité;Septembre;0.09;Consommation de viande;Viande bovine avec onglet et hampe;1.1.1;138.469;OUI
CONSOVIANDE;1999;FR;FR - France entière;Groupe d'indicateurs;Consommation brute CVJA (en volume);020.13;Périodicité;Décembre;0.12;Consommation de viande;Viande bovine avec onglet et hampe;1.1.1;134.515;OUI
CONSOVIANDE;1999;FR;FR - France entière;Groupe d'indicateurs;Consommation brute (en volume);020.12;Périodicité;Total annuel;0;Consommation de viande;Viande bovine avec onglet et hampe;1.1.1;1592.956;OUI
CONSOVIANDE;1999;FR;FR - France entière;Groupe d'indicateurs;Consommation brute (en volume);020.12;Périodicité;Décembre;0.12;Consommation de viande;Viande bovine avec onglet et hampe;1.1.1;141.22;OUI
CONSOVIANDE;1999;FR;FR - France entière;Groupe d'indicateurs;Consommation brute (en volume);020.12;Périodicité;Avril;0.04;Consommation de viande;Viande bovine avec onglet et hampe;1.1.1;126.943;OUI
CONSOVIANDE;1999;FR;FR - France entière;Groupe d'indicateurs;Consommation brute (en volume);020.12;Périodicité;Juin;0.06;Consommation de viande;Viande bovine avec onglet et hampe;1.1.1;129.035;OUI
CONSOVIANDE;1999;FR;FR - France entière;Groupe d'indicateurs;Consommation brute CVJA (en volume);020.13;Périodicité;Octobre;0.10;Consommation de viande;Viande bovine avec onglet et hampe;1.1.1;133.732;OUI
CONSOVIANDE;1999;FR;FR - France entière;Groupe d'indicateurs;Consommation brute CVJA (en volume);020.13;Périodicité;Novembre;0.11;Consommation de viande;Viande bovine avec onglet et hampe;1.1.1;140.66;OUI
CONSOVIANDE;1999;FR;FR - France entière;Groupe d'indicateurs;Consommation brute (en volume);020.12;Périodicité;Novembre;0.11;Consommation de viande;Viande bovine avec onglet et hampe;1.1.1;142.22;OUI
CONSOVIANDE;1999;FR;FR - France entière;Groupe d'indicateurs;Consommation brute CVJA (en volume);020.13;Périodicité;Avril;0.04;Consommation de viande;Viande bovine avec onglet et hampe;1.1.1;124.638;OUI
CONSOVIANDE;1999;FR;FR - France entière;Groupe d'indicateurs;Consommation brute CVJA (en volume);020.13;Périodicité;Juillet;0.07;Consommation de viande;Viande bovine avec onglet et hampe;1.1.1;122.208;OUI
CONSOVIANDE;1999;FR;FR - France entière;Groupe d'indicateurs;Consommation brute CVJA (en volume);020.13;Périodicité;Mars;0.03;Consommation de viande;Viande bovine avec onglet et hampe;1.1.1;141.374;OUI
CONSOVIANDE;1999;FR;FR - France entière;Groupe d'indicateurs;Consommation brute CVJA (en volume);020.13;Périodicité;Janvier;0.01;Consommation de viande;Viande bovine avec onglet et hampe;1.1.1;134.619;OUI
CONSOVIANDE;1999;FR;FR - France entière;Groupe d'indicateurs;Consommation brute CVJA (en volume);020.13;Périodicité;Juin;0.06;Consommation de viande;Viande bovine avec onglet et hampe;1.1.1;127.947;OUI
CONSOVIANDE;1999;FR;FR - France entière;Groupe d'indicateurs;Consommation brute (en volume);020.12;Périodicité;Janvier;0.01;Consommation de viande;Viande bovine avec onglet et hampe;1.1.1;125.879;OUI
CONSOVIANDE;1999;FR;FR - France entière;Groupe d'indicateurs;Consommation brute (en volume);020.12;Périodicité;Juillet;0.07;Consommation de viande;Viande bovine avec onglet et hampe;1.1.1;124.547;OUI
CONSOVIANDE;1999;FR;FR - France entière;Groupe d'indicateurs;Consommation brute CVJA (en volume);020.13;Périodicité;Total annuel;0;Consommation de viande;Viande bovine avec onglet et hampe;1.1.1;1591.767;OUI
CONSOVIANDE;1999;FR;FR - France entière;Groupe d'indicateurs;Consommation brute CVJA (en volume);020.13;Périodicité;Février;0.02;Consommation de viande;Viande bovine avec onglet et hampe;1.1.1;128.093;OUI
CONSOVIANDE;1999;FR;FR - France entière;Groupe d'indicateurs;Consommation brute (en volume);020.12;Périodicité;Mars;0.03;Consommation de viande;Viande bovine avec onglet et hampe;1.1.1;150.089;OUI
CONSOVIANDE;1999;FR;FR - France entière;Groupe d'indicateurs;Consommation brute CVJA (en volume);020.13;Périodicité;Mai;0.05;Consommation de viande;Viande bovine avec onglet et hampe;1.1.1;133.776;OUI
CONSOVIANDE;1999;FR;FR - France entière;Groupe d'indicateurs;Consommation brute CVJA (en volume);020.13;Périodicité;Septembre;0.09;Consommation de viande;Viande bovine avec onglet et hampe;1.1.1;138.666;OUI
CONSOVIANDE;1999;FR;FR - France entière;Groupe d'indicateurs;Consommation brute (en volume);020.12;Périodicité;Mai;0.05;Consommation de viande;Viande de veau;1.1.1.1;21.117;OUI
CONSOVIANDE;1999;FR;FR - France entière;Groupe d'indicateurs;Consommation brute CVJA (en volume);020.13;Périodicité;Décembre;0.12;Consommation de viande;Viande de veau;1.1.1.1;18.818;OUI
CONSOVIANDE;1999;FR;FR - France entière;Groupe d'indicateurs;Consommation brute (en volume);020.12;Périodicité;Août;0.08;Consommation de viande;Viande de veau;1.1.1.1;20.626;OUI
CONSOVIANDE;1999;FR;FR - France entière;Groupe d'indicateurs;Consommation brute CVJA (en volume);020.13;Périodicité;Février;0.02;Consommation de viande;Viande de veau;1.1.1.1;19.298;OUI
CONSOVIANDE;1999;FR;FR - France entière;Groupe d'indicateurs;Consommation brute (en volume);020.12;Périodicité;Janvier;0.01;Consommation de viande;Viande de veau;1.1.1.1;17.902;OUI
CONSOVIANDE;1999;FR;FR - France entière;Groupe d'indicateurs;Consommation brute CVJA (en volume);020.13;Périodicité;Juin;0.06;Consommation de viande;Viande de veau;1.1.1.1;19.983;OUI
CONSOVIANDE;1999;FR;FR - France entière;Groupe d'indicateurs;Consommation brute CVJA (en volume);020.13;Périodicité;Octobre;0.10;Consommation de viande;Viande de veau;1.1.1.1;19.046;OUI
CONSOVIANDE;1999;FR;FR - France entière;Groupe d'indicateurs;Consommation brute CVJA (en volume);020.13;Périodicité;Juillet;0.07;Consommation de viande;Viande de veau;1.1.1.1;18.696;OUI
CONSOVIANDE;1999;FR;FR - France entière;Groupe d'indicateurs;Consommation brute CVJA (en volume);020.13;Périodicité;Mai;0.05;Consommation de viande;Viande de veau;1.1.1.1;21.328;OUI
CONSOVIANDE;1999;FR;FR - France entière;Groupe d'indicateurs;Consommation brute CVJA (en volume);020.13;Périodicité;Total annuel;0;Consommation de viande;Viande de veau;1.1.1.1;235.952;OUI
CONSOVIANDE;1999;FR;FR - France entière;Groupe d'indicateurs;Consommation brute (en volume);020.12;Périodicité;Total annuel;0;Consommation de viande;Viande de veau;1.1.1.1;236.004;OUI
CONSOVIANDE;1999;FR;FR - France entière;Groupe d'indicateurs;Consommation brute (en volume);020.12;Périodicité;Juin;0.06;Consommation de viande;Viande de veau;1.1.1.1;19.983;OUI
CONSOVIANDE;1999;FR;FR - France entière;Groupe d'indicateurs;Consommation brute CVJA (en volume);020.13;Périodicité;Novembre;0.11;Consommation de viande;Viande de veau;1.1.1.1;19.418;OUI
CONSOVIANDE;1999;FR;FR - France entière;Groupe d'indicateurs;Consommation brute (en volume);020.12;Périodicité;Septembre;0.09;Consommation de viande;Viande de veau;1.1.1.1;19.68;OUI
CONSOVIANDE;1999;FR;FR - France entière;Groupe d'indicateurs;Consommation brute CVJA (en volume);020.13;Périodicité;Janvier;0.01;Consommation de viande;Viande de veau;1.1.1.1;19.155;OUI
CONSOVIANDE;1999;FR;FR - France entière;Groupe d'indicateurs;Consommation brute (en volume);020.12;Périodicité;Décembre;0.12;Consommation de viande;Viande de veau;1.1.1.1;19.602;OUI
CONSOVIANDE;1999;FR;FR - France entière;Groupe d'indicateurs;Consommation brute (en volume);020.12;Périodicité;Mars;0.03;Consommation de viande;Viande de veau;1.1.1.1;22.175;OUI
CONSOVIANDE;1999;FR;FR - France entière;Groupe d'indicateurs;Consommation brute CVJA (en volume);020.13;Périodicité;Avril;0.04;Consommation de viande;Viande de veau;1.1.1.1;19.482;OUI
CONSOVIANDE;1999;FR;FR - France entière;Groupe d'indicateurs;Consommation brute (en volume);020.12;Périodicité;Juillet;0.07;Consommation de viande;Viande de veau;1.1.1.1;18.885;OUI
CONSOVIANDE;1999;FR;FR - France entière;Groupe d'indicateurs;Consommation brute CVJA (en volume);020.13;Périodicité;Septembre;0.09;Consommation de viande;Viande de veau;1.1.1.1;19.877;OUI
CONSOVIANDE;1999;FR;FR - France entière;Groupe d'indicateurs;Consommation brute (en volume);020.12;Périodicité;Octobre;0.10;Consommation de viande;Viande de veau;1.1.1.1;18.673;OUI
CONSOVIANDE;1999;FR;FR - France entière;Groupe d'indicateurs;Consommation brute CVJA (en volume);020.13;Périodicité;Août;0.08;Consommation de viande;Viande de veau;1.1.1.1;20.007;OUI
CONSOVIANDE;1999;FR;FR - France entière;Groupe d'indicateurs;Consommation brute (en volume);020.12;Périodicité;Novembre;0.11;Consommation de viande;Viande de veau;1.1.1.1;19.814;OUI
CONSOVIANDE;1999;FR;FR - France entière;Groupe d'indicateurs;Consommation brute (en volume);020.12;Périodicité;Février;0.02;Consommation de viande;Viande de veau;1.1.1.1;17.869;OUI
CONSOVIANDE;1999;FR;FR - France entière;Groupe d'indicateurs;Consommation brute CVJA (en volume);020.13;Périodicité;Mars;0.03;Consommation de viande;Viande de veau;1.1.1.1;20.844;OUI
CONSOVIANDE;1999;FR;FR - France entière;Groupe d'indicateurs;Consommation brute (en volume);020.12;Périodicité;Avril;0.04;Consommation de viande;Viande de veau;1.1.1.1;19.679;OUI
CONSOVIANDE;1999;FR;FR - France entière;Groupe d'indicateurs;Consommation brute CVJA (en volume);020.13;Périodicité;Août;0.08;Consommation de viande;Viande de gros bovins;1.1.1.2;111.532;OUI
CONSOVIANDE;1999;FR;FR - France entière;Groupe d'indicateurs;Consommation brute (en volume);020.12;Périodicité;Total annuel;0;Consommation de viande;Viande de gros bovins;1.1.1.2;1356.953;OUI
CONSOVIANDE;1999;FR;FR - France entière;Groupe d'indicateurs;Consommation brute (en volume);020.12;Périodicité;Octobre;0.10;Consommation de viande;Viande de gros bovins;1.1.1.2;112.472;OUI
CONSOVIANDE;1999;FR;FR - France entière;Groupe d'indicateurs;Consommation brute CVJA (en volume);020.13;Périodicité;Total annuel;0;Consommation de viande;Viande de gros bovins;1.1.1.2;1355.814;OUI
CONSOVIANDE;1999;FR;FR - France entière;Groupe d'indicateurs;Consommation brute (en volume);020.12;Périodicité;Juillet;0.07;Consommation de viande;Viande de gros bovins;1.1.1.2;105.662;OUI
CONSOVIANDE;1999;FR;FR - France entière;Groupe d'indicateurs;Consommation brute (en volume);020.12;Périodicité;Mai;0.05;Consommation de viande;Viande de gros bovins;1.1.1.2;109.265;OUI
CONSOVIANDE;1999;FR;FR - France entière;Groupe d'indicateurs;Consommation brute CVJA (en volume);020.13;Périodicité;Avril;0.04;Consommation de viande;Viande de gros bovins;1.1.1.2;105.155;OUI
CONSOVIANDE;1999;FR;FR - France entière;Groupe d'indicateurs;Consommation brute (en volume);020.12;Périodicité;Février;0.02;Consommation de viande;Viande de gros bovins;1.1.1.2;100.722;OUI
CONSOVIANDE;1999;FR;FR - France entière;Groupe d'indicateurs;Consommation brute (en volume);020.12;Périodicité;Novembre;0.11;Consommation de viande;Viande de gros bovins;1.1.1.2;122.406;OUI
CONSOVIANDE;1999;FR;FR - France entière;Groupe d'indicateurs;Consommation brute (en volume);020.12;Périodicité;Août;0.08;Consommation de viande;Viande de gros bovins;1.1.1.2;113.811;OUI
CONSOVIANDE;1999;FR;FR - France entière;Groupe d'indicateurs;Consommation brute CVJA (en volume);020.13;Périodicité;Janvier;0.01;Consommation de viande;Viande de gros bovins;1.1.1.2;115.464;OUI
CONSOVIANDE;1999;FR;FR - France entière;Groupe d'indicateurs;Consommation brute (en volume);020.12;Périodicité;Septembre;0.09;Consommation de viande;Viande de gros bovins;1.1.1.2;118.789;OUI
CONSOVIANDE;1999;FR;FR - France entière;Groupe d'indicateurs;Consommation brute CVJA (en volume);020.13;Périodicité;Décembre;0.12;Consommation de viande;Viande de gros bovins;1.1.1.2;115.697;OUI
CONSOVIANDE;1999;FR;FR - France entière;Groupe d'indicateurs;Consommation brute CVJA (en volume);020.13;Périodicité;Mars;0.03;Consommation de viande;Viande de gros bovins;1.1.1.2;120.53;OUI
CONSOVIANDE;1999;FR;FR - France entière;Groupe d'indicateurs;Consommation brute CVJA (en volume);020.13;Périodicité;Février;0.02;Consommation de viande;Viande de gros bovins;1.1.1.2;108.795;OUI
CONSOVIANDE;1999;FR;FR - France entière;Groupe d'indicateurs;Consommation brute (en volume);020.12;Périodicité;Juin;0.06;Consommation de viande;Viande de gros bovins;1.1.1.2;109.052;OUI
CONSOVIANDE;1999;FR;FR - France entière;Groupe d'indicateurs;Consommation brute (en volume);020.12;Périodicité;Avril;0.04;Consommation de viande;Viande de gros bovins;1.1.1.2;107.264;OUI
CONSOVIANDE;1999;FR;FR - France entière;Groupe d'indicateurs;Consommation brute CVJA (en volume);020.13;Périodicité;Septembre;0.09;Consommation de viande;Viande de gros bovins;1.1.1.2;118.789;OUI
CONSOVIANDE;1999;FR;FR - France entière;Groupe d'indicateurs;Consommation brute CVJA (en volume);020.13;Périodicité;Octobre;0.10;Consommation de viande;Viande de gros bovins;1.1.1.2;114.686;OUI
CONSOVIANDE;1999;FR;FR - France entière;Groupe d'indicateurs;Consommation brute CVJA (en volume);020.13;Périodicité;Juin;0.06;Consommation de viande;Viande de gros bovins;1.1.1.2;107.963;OUI
CONSOVIANDE;1999;FR;FR - France entière;Groupe d'indicateurs;Consommation brute CVJA (en volume);020.13;Périodicité;Juillet;0.07;Consommation de viande;Viande de gros bovins;1.1.1.2;103.512;OUI
CONSOVIANDE;1999;FR;FR - France entière;Groupe d'indicateurs;Consommation brute CVJA (en volume);020.13;Périodicité;Mai;0.05;Consommation de viande;Viande de gros bovins;1.1.1.2;112.448;OUI
CONSOVIANDE;1999;FR;FR - France entière;Groupe d'indicateurs;Consommation brute (en volume);020.12;Périodicité;Mars;0.03;Consommation de viande;Viande de gros bovins;1.1.1.2;127.914;OUI
CONSOVIANDE;1999;FR;FR - France entière;Groupe d'indicateurs;Consommation brute (en volume);020.12;Périodicité;Janvier;0.01;Consommation de viande;Viande de gros bovins;1.1.1.2;107.977;OUI
CONSOVIANDE;1999;FR;FR - France entière;Groupe d'indicateurs;Consommation brute (en volume);020.12;Périodicité;Décembre;0.12;Consommation de viande;Viande de gros bovins;1.1.1.2;121.618;OUI
CONSOVIANDE;1999;FR;FR - France entière;Groupe d'indicateurs;Consommation brute CVJA (en volume);020.13;Périodicité;Novembre;0.11;Consommation de viande;Viande de gros bovins;1.1.1.2;121.242;OUI
CONSOVIANDE;1999;FR;FR - France entière;Groupe d'indicateurs;Consommation brute (en volume);020.12;Périodicité;Décembre;0.12;Consommation de viande;Viande ovine;1.1.2;22.334;OUI
CONSOVIANDE;1999;FR;FR - France entière;Groupe d'indicateurs;Consommation brute (en volume);020.12;Périodicité;Juin;0.06;Consommation de viande;Viande ovine;1.1.2;25.714;OUI
CONSOVIANDE;1999;FR;FR - France entière;Groupe d'indicateurs;Consommation brute (en volume);020.12;Périodicité;Mai;0.05;Consommation de viande;Viande ovine;1.1.2;22.66;OUI
CONSOVIANDE;1999;FR;FR - France entière;Groupe d'indicateurs;Consommation brute (en volume);020.12;Périodicité;Janvier;0.01;Consommation de viande;Viande ovine;1.1.2;17.656;OUI
CONSOVIANDE;1999;FR;FR - France entière;Groupe d'indicateurs;Consommation brute CVJA (en volume);020.13;Périodicité;Juillet;0.07;Consommation de viande;Viande ovine;1.1.2;24.228;OUI
CONSOVIANDE;1999;FR;FR - France entière;Groupe d'indicateurs;Consommation brute CVJA (en volume);020.13;Périodicité;Mai;0.05;Consommation de viande;Viande ovine;1.1.2;22.867;OUI
CONSOVIANDE;1999;FR;FR - France entière;Groupe d'indicateurs;Consommation brute CVJA (en volume);020.13;Périodicité;Août;0.08;Consommation de viande;Viande ovine;1.1.2;23.687;OUI
CONSOVIANDE;1999;FR;FR - France entière;Groupe d'indicateurs;Consommation brute CVJA (en volume);020.13;Périodicité;Novembre;0.11;Consommation de viande;Viande ovine;1.1.2;20.528;OUI
CONSOVIANDE;1999;FR;FR - France entière;Groupe d'indicateurs;Consommation brute CVJA (en volume);020.13;Périodicité;Juin;0.06;Consommation de viande;Viande ovine;1.1.2;25.507;OUI
CONSOVIANDE;1999;FR;FR - France entière;Groupe d'indicateurs;Consommation brute (en volume);020.12;Périodicité;Septembre;0.09;Consommation de viande;Viande ovine;1.1.2;23.49;OUI
CONSOVIANDE;1999;FR;FR - France entière;Groupe d'indicateurs;Consommation brute (en volume);020.12;Périodicité;Février;0.02;Consommation de viande;Viande ovine;1.1.2;18.544;OUI
CONSOVIANDE;1999;FR;FR - France entière;Groupe d'indicateurs;Consommation brute (en volume);020.12;Périodicité;Avril;0.04;Consommation de viande;Viande ovine;1.1.2;20.544;OUI
CONSOVIANDE;1999;FR;FR - France entière;Groupe d'indicateurs;Consommation brute (en volume);020.12;Périodicité;Juillet;0.07;Consommation de viande;Viande ovine;1.1.2;24.228;OUI
CONSOVIANDE;1999;FR;FR - France entière;Groupe d'indicateurs;Consommation brute CVJA (en volume);020.13;Périodicité;Avril;0.04;Consommation de viande;Viande ovine;1.1.2;20.544;OUI
CONSOVIANDE;1999;FR;FR - France entière;Groupe d'indicateurs;Consommation brute (en volume);020.12;Périodicité;Novembre;0.11;Consommation de viande;Viande ovine;1.1.2;20.754;OUI
CONSOVIANDE;1999;FR;FR - France entière;Groupe d'indicateurs;Consommation brute (en volume);020.12;Périodicité;Août;0.08;Consommation de viande;Viande ovine;1.1.2;23.972;OUI
CONSOVIANDE;1999;FR;FR - France entière;Groupe d'indicateurs;Consommation brute (en volume);020.12;Périodicité;Mars;0.03;Consommation de viande;Viande ovine;1.1.2;27.771;OUI
CONSOVIANDE;1999;FR;FR - France entière;Groupe d'indicateurs;Consommation brute CVJA (en volume);020.13;Périodicité;Janvier;0.01;Consommation de viande;Viande ovine;1.1.2;18.133;OUI
CONSOVIANDE;1999;FR;FR - France entière;Groupe d'indicateurs;Consommation brute CVJA (en volume);020.13;Périodicité;Septembre;0.09;Consommation de viande;Viande ovine;1.1.2;23.49;OUI
CONSOVIANDE;1999;FR;FR - France entière;Groupe d'indicateurs;Consommation brute CVJA (en volume);020.13;Périodicité;Décembre;0.12;Consommation de viande;Viande ovine;1.1.2;21.998;OUI
CONSOVIANDE;1999;FR;FR - France entière;Groupe d'indicateurs;Consommation brute CVJA (en volume);020.13;Périodicité;Février;0.02;Consommation de viande;Viande ovine;1.1.2;19.122;OUI
CONSOVIANDE;1999;FR;FR - France entière;Groupe d'indicateurs;Consommation brute (en volume);020.12;Périodicité;Total annuel;0;Consommation de viande;Viande ovine;1.1.2;269.897;OUI
CONSOVIANDE;1999;FR;FR - France entière;Groupe d'indicateurs;Consommation brute CVJA (en volume);020.13;Périodicité;Mars;0.03;Consommation de viande;Viande ovine;1.1.2;26.87;OUI
CONSOVIANDE;1999;FR;FR - France entière;Groupe d'indicateurs;Consommation brute CVJA (en volume);020.13;Périodicité;Octobre;0.10;Consommation de viande;Viande ovine;1.1.2;22.457;OUI
CONSOVIANDE;1999;FR;FR - France entière;Groupe d'indicateurs;Consommation brute (en volume);020.12;Périodicité;Octobre;0.10;Consommation de viande;Viande ovine;1.1.2;22.231;OUI
CONSOVIANDE;1999;FR;FR - France entière;Groupe d'indicateurs;Consommation brute CVJA (en volume);020.13;Périodicité;Total annuel;0;Consommation de viande;Viande ovine;1.1.2;269.43;OUI
CONSOVIANDE;1999;FR;FR - France entière;Groupe d'indicateurs;Consommation brute (en volume);020.12;Périodicité;Décembre;0.12;Consommation de viande;Viande caprine;1.1.3;0.392;OUI
CONSOVIANDE;1999;FR;FR - France entière;Groupe d'indicateurs;Consommation brute CVJA (en volume);020.13;Périodicité;Septembre;0.09;Consommation de viande;Viande caprine;1.1.3;0.232;OUI
CONSOVIANDE;1999;FR;FR - France entière;Groupe d'indicateurs;Consommation brute CVJA (en volume);020.13;Périodicité;Novembre;0.11;Consommation de viande;Viande caprine;1.1.3;0.315;OUI
CONSOVIANDE;1999;FR;FR - France entière;Groupe d'indicateurs;Consommation brute CVJA (en volume);020.13;Périodicité;Mai;0.05;Consommation de viande;Viande caprine;1.1.3;0.427;OUI
CONSOVIANDE;1999;FR;FR - France entière;Groupe d'indicateurs;Consommation brute CVJA (en volume);020.13;Périodicité;Avril;0.04;Consommation de viande;Viande caprine;1.1.3;0.697;OUI
CONSOVIANDE;1999;FR;FR - France entière;Groupe d'indicateurs;Consommation brute CVJA (en volume);020.13;Périodicité;Décembre;0.12;Consommation de viande;Viande caprine;1.1.3;0.336;OUI
CONSOVIANDE;1999;FR;FR - France entière;Groupe d'indicateurs;Consommation brute CVJA (en volume);020.13;Périodicité;Août;0.08;Consommation de viande;Viande caprine;1.1.3;0.198;OUI
CONSOVIANDE;1999;FR;FR - France entière;Groupe d'indicateurs;Consommation brute (en volume);020.12;Périodicité;Avril;0.04;Consommation de viande;Viande caprine;1.1.3;0.742;OUI
CONSOVIANDE;1999;FR;FR - France entière;Groupe d'indicateurs;Consommation brute (en volume);020.12;Périodicité;Total annuel;0;Consommation de viande;Viande caprine;1.1.3;4.8;OUI
CONSOVIANDE;1999;FR;FR - France entière;Groupe d'indicateurs;Consommation brute (en volume);020.12;Périodicité;Mars;0.03;Consommation de viande;Viande caprine;1.1.3;0.965;OUI
CONSOVIANDE;1999;FR;FR - France entière;Groupe d'indicateurs;Consommation brute (en volume);020.12;Périodicité;Septembre;0.09;Consommation de viande;Viande caprine;1.1.3;0.246;OUI
CONSOVIANDE;1999;FR;FR - France entière;Groupe d'indicateurs;Consommation brute (en volume);020.12;Périodicité;Octobre;0.10;Consommation de viande;Viande caprine;1.1.3;0.244;OUI
CONSOVIANDE;1999;FR;FR - France entière;Groupe d'indicateurs;Consommation brute CVJA (en volume);020.13;Périodicité;Juillet;0.07;Consommation de viande;Viande caprine;1.1.3;0.158;OUI
CONSOVIANDE;1999;FR;FR - France entière;Groupe d'indicateurs;Consommation brute CVJA (en volume);020.13;Périodicité;Octobre;0.10;Consommation de viande;Viande caprine;1.1.3;0.261;OUI
CONSOVIANDE;1999;FR;FR - France entière;Groupe d'indicateurs;Consommation brute (en volume);020.12;Périodicité;Août;0.08;Consommation de viande;Viande caprine;1.1.3;0.195;OUI
CONSOVIANDE;1999;FR;FR - France entière;Groupe d'indicateurs;Consommation brute (en volume);020.12;Périodicité;Mai;0.05;Consommation de viande;Viande caprine;1.1.3;0.407;OUI
CONSOVIANDE;1999;FR;FR - France entière;Groupe d'indicateurs;Consommation brute CVJA (en volume);020.13;Périodicité;Mars;0.03;Consommation de viande;Viande caprine;1.1.3;0.947;OUI
CONSOVIANDE;1999;FR;FR - France entière;Groupe d'indicateurs;Consommation brute (en volume);020.12;Périodicité;Juillet;0.07;Consommation de viande;Viande caprine;1.1.3;0.166;OUI
CONSOVIANDE;1999;FR;FR - France entière;Groupe d'indicateurs;Consommation brute (en volume);020.12;Périodicité;Janvier;0.01;Consommation de viande;Viande caprine;1.1.3;0.39;OUI
CONSOVIANDE;1999;FR;FR - France entière;Groupe d'indicateurs;Consommation brute CVJA (en volume);020.13;Périodicité;Février;0.02;Consommation de viande;Viande caprine;1.1.3;0.574;OUI
CONSOVIANDE;1999;FR;FR - France entière;Groupe d'indicateurs;Consommation brute CVJA (en volume);020.13;Périodicité;Janvier;0.01;Consommation de viande;Viande caprine;1.1.3;0.426;OUI
CONSOVIANDE;1999;FR;FR - France entière;Groupe d'indicateurs;Consommation brute CVJA (en volume);020.13;Périodicité;Juin;0.06;Consommation de viande;Viande caprine;1.1.3;0.246;OUI
CONSOVIANDE;1999;FR;FR - France entière;Groupe d'indicateurs;Consommation brute (en volume);020.12;Périodicité;Février;0.02;Consommation de viande;Viande caprine;1.1.3;0.512;OUI
CONSOVIANDE;1999;FR;FR - France entière;Groupe d'indicateurs;Consommation brute (en volume);020.12;Périodicité;Novembre;0.11;Consommation de viande;Viande caprine;1.1.3;0.299;OUI
CONSOVIANDE;1999;FR;FR - France entière;Groupe d'indicateurs;Consommation brute CVJA (en volume);020.13;Périodicité;Total annuel;0;Consommation de viande;Viande caprine;1.1.3;4.817;OUI
CONSOVIANDE;1999;FR;FR - France entière;Groupe d'indicateurs;Consommation brute (en volume);020.12;Périodicité;Juin;0.06;Consommation de viande;Viande caprine;1.1.3;0.242;OUI
CONSOVIANDE;1999;FR;FR - France entière;Groupe d'indicateurs;Consommation brute (en volume);020.12;Périodicité;Mars;0.03;Consommation de viande;Viande porcine  y compris graisse de porc;1.1.4;188.893;OUI
CONSOVIANDE;1999;FR;FR - France entière;Groupe d'indicateurs;Consommation brute (en volume);020.12;Périodicité;Janvier;0.01;Consommation de viande;Viande porcine  y compris graisse de porc;1.1.4;196.986;OUI
CONSOVIANDE;1999;FR;FR - France entière;Groupe d'indicateurs;Consommation brute CVJA (en volume);020.13;Périodicité;Mars;0.03;Consommation de viande;Viande porcine  y compris graisse de porc;1.1.4;176.243;OUI
CONSOVIANDE;1999;FR;FR - France entière;Groupe d'indicateurs;Consommation brute CVJA (en volume);020.13;Périodicité;Mai;0.05;Consommation de viande;Viande porcine  y compris graisse de porc;1.1.4;173.693;OUI
CONSOVIANDE;1999;FR;FR - France entière;Groupe d'indicateurs;Consommation brute CVJA (en volume);020.13;Périodicité;Octobre;0.10;Consommation de viande;Viande porcine  y compris graisse de porc;1.1.4;173.835;OUI
CONSOVIANDE;1999;FR;FR - France entière;Groupe d'indicateurs;Consommation brute CVJA (en volume);020.13;Périodicité;Juin;0.06;Consommation de viande;Viande porcine  y compris graisse de porc;1.1.4;183.257;OUI
CONSOVIANDE;1999;FR;FR - France entière;Groupe d'indicateurs;Consommation brute (en volume);020.12;Périodicité;Février;0.02;Consommation de viande;Viande porcine  y compris graisse de porc;1.1.4;162.378;OUI
CONSOVIANDE;1999;FR;FR - France entière;Groupe d'indicateurs;Consommation brute (en volume);020.12;Périodicité;Décembre;0.12;Consommation de viande;Viande porcine  y compris graisse de porc;1.1.4;187.379;OUI
CONSOVIANDE;1999;FR;FR - France entière;Groupe d'indicateurs;Consommation brute CVJA (en volume);020.13;Périodicité;Janvier;0.01;Consommation de viande;Viande porcine  y compris graisse de porc;1.1.4;211.634;OUI
CONSOVIANDE;1999;FR;FR - France entière;Groupe d'indicateurs;Consommation brute (en volume);020.12;Périodicité;Octobre;0.10;Consommation de viande;Viande porcine  y compris graisse de porc;1.1.4;170.463;OUI
CONSOVIANDE;1999;FR;FR - France entière;Groupe d'indicateurs;Consommation brute CVJA (en volume);020.13;Périodicité;Septembre;0.09;Consommation de viande;Viande porcine  y compris graisse de porc;1.1.4;186.551;OUI
CONSOVIANDE;1999;FR;FR - France entière;Groupe d'indicateurs;Consommation brute (en volume);020.12;Périodicité;Mai;0.05;Consommation de viande;Viande porcine  y compris graisse de porc;1.1.4;168.707;OUI
CONSOVIANDE;1999;FR;FR - France entière;Groupe d'indicateurs;Consommation brute (en volume);020.12;Périodicité;Septembre;0.09;Consommation de viande;Viande porcine  y compris graisse de porc;1.1.4;188.524;OUI
CONSOVIANDE;1999;FR;FR - France entière;Groupe d'indicateurs;Consommation brute CVJA (en volume);020.13;Périodicité;Total annuel;0;Consommation de viande;Viande porcine  y compris graisse de porc;1.1.4;2166.875;OUI
CONSOVIANDE;1999;FR;FR - France entière;Groupe d'indicateurs;Consommation brute CVJA (en volume);020.13;Périodicité;Août;0.08;Consommation de viande;Viande porcine  y compris graisse de porc;1.1.4;182.927;OUI
CONSOVIANDE;1999;FR;FR - France entière;Groupe d'indicateurs;Consommation brute (en volume);020.12;Périodicité;Juin;0.06;Consommation de viande;Viande porcine  y compris graisse de porc;1.1.4;185.993;OUI
CONSOVIANDE;1999;FR;FR - France entière;Groupe d'indicateurs;Consommation brute CVJA (en volume);020.13;Périodicité;Février;0.02;Consommation de viande;Viande porcine  y compris graisse de porc;1.1.4;177.517;OUI
CONSOVIANDE;1999;FR;FR - France entière;Groupe d'indicateurs;Consommation brute CVJA (en volume);020.13;Périodicité;Décembre;0.12;Consommation de viande;Viande porcine  y compris graisse de porc;1.1.4;176.753;OUI
CONSOVIANDE;1999;FR;FR - France entière;Groupe d'indicateurs;Consommation brute (en volume);020.12;Périodicité;Total annuel;0;Consommation de viande;Viande porcine  y compris graisse de porc;1.1.4;2165.152;OUI
CONSOVIANDE;1999;FR;FR - France entière;Groupe d'indicateurs;Consommation brute CVJA (en volume);020.13;Périodicité;Avril;0.04;Consommation de viande;Viande porcine  y compris graisse de porc;1.1.4;168.974;OUI
CONSOVIANDE;1999;FR;FR - France entière;Groupe d'indicateurs;Consommation brute CVJA (en volume);020.13;Périodicité;Juillet;0.07;Consommation de viande;Viande porcine  y compris graisse de porc;1.1.4;178.7;OUI
CONSOVIANDE;1999;FR;FR - France entière;Groupe d'indicateurs;Consommation brute (en volume);020.12;Périodicité;Novembre;0.11;Consommation de viande;Viande porcine  y compris graisse de porc;1.1.4;177.851;OUI
CONSOVIANDE;1999;FR;FR - France entière;Groupe d'indicateurs;Consommation brute (en volume);020.12;Périodicité;Août;0.08;Consommation de viande;Viande porcine  y compris graisse de porc;1.1.4;186.604;OUI
CONSOVIANDE;1999;FR;FR - France entière;Groupe d'indicateurs;Consommation brute (en volume);020.12;Périodicité;Juillet;0.07;Consommation de viande;Viande porcine  y compris graisse de porc;1.1.4;180.525;OUI
CONSOVIANDE;1999;FR;FR - France entière;Groupe d'indicateurs;Consommation brute CVJA (en volume);020.13;Périodicité;Novembre;0.11;Consommation de viande;Viande porcine  y compris graisse de porc;1.1.4;176.792;OUI
CONSOVIANDE;1999;FR;FR - France entière;Groupe d'indicateurs;Consommation brute (en volume);020.12;Périodicité;Avril;0.04;Consommation de viande;Viande porcine  y compris graisse de porc;1.1.4;170.85;OUI
CONSOVIANDE;1999;FR;FR - France entière;Groupe d'indicateurs;Consommation brute (en volume);020.12;Périodicité;Total annuel;0;Consommation de viande;Viande d'équidés;1.1.5;31.369;OUI
CONSOVIANDE;1999;FR;FR - France entière;Groupe d'indicateurs;Consommation brute CVJA (en volume);020.13;Périodicité;Mai;0.05;Consommation de viande;Viande d'équidés;1.1.5;2.777;OUI
CONSOVIANDE;1999;FR;FR - France entière;Groupe d'indicateurs;Consommation brute CVJA (en volume);020.13;Périodicité;Novembre;0.11;Consommation de viande;Viande d'équidés;1.1.5;2.868;OUI
CONSOVIANDE;1999;FR;FR - France entière;Groupe d'indicateurs;Consommation brute (en volume);020.12;Périodicité;Septembre;0.09;Consommation de viande;Viande d'équidés;1.1.5;2.89;OUI
CONSOVIANDE;1999;FR;FR - France entière;Groupe d'indicateurs;Consommation brute (en volume);020.12;Périodicité;Octobre;0.10;Consommation de viande;Viande d'équidés;1.1.5;2.481;OUI
CONSOVIANDE;1999;FR;FR - France entière;Groupe d'indicateurs;Consommation brute (en volume);020.12;Périodicité;Juin;0.06;Consommation de viande;Viande d'équidés;1.1.5;2.71;OUI
CONSOVIANDE;1999;FR;FR - France entière;Groupe d'indicateurs;Consommation brute CVJA (en volume);020.13;Périodicité;Décembre;0.12;Consommation de viande;Viande d'équidés;1.1.5;2.556;OUI
CONSOVIANDE;1999;FR;FR - France entière;Groupe d'indicateurs;Consommation brute CVJA (en volume);020.13;Périodicité;Février;0.02;Consommation de viande;Viande d'équidés;1.1.5;2.455;OUI
CONSOVIANDE;1999;FR;FR - France entière;Groupe d'indicateurs;Consommation brute CVJA (en volume);020.13;Périodicité;Septembre;0.09;Consommation de viande;Viande d'équidés;1.1.5;2.887;OUI
CONSOVIANDE;1999;FR;FR - France entière;Groupe d'indicateurs;Consommation brute (en volume);020.12;Périodicité;Mai;0.05;Consommation de viande;Viande d'équidés;1.1.5;2.757;OUI
CONSOVIANDE;1999;FR;FR - France entière;Groupe d'indicateurs;Consommation brute CVJA (en volume);020.13;Périodicité;Octobre;0.10;Consommation de viande;Viande d'équidés;1.1.5;2.485;OUI
CONSOVIANDE;1999;FR;FR - France entière;Groupe d'indicateurs;Consommation brute CVJA (en volume);020.13;Périodicité;Mars;0.03;Consommation de viande;Viande d'équidés;1.1.5;2.928;OUI
CONSOVIANDE;1999;FR;FR - France entière;Groupe d'indicateurs;Consommation brute (en volume);020.12;Périodicité;Mars;0.03;Consommation de viande;Viande d'équidés;1.1.5;2.987;OUI
CONSOVIANDE;1999;FR;FR - France entière;Groupe d'indicateurs;Consommation brute CVJA (en volume);020.13;Périodicité;Total annuel;0;Consommation de viande;Viande d'équidés;1.1.5;31.379;OUI
CONSOVIANDE;1999;FR;FR - France entière;Groupe d'indicateurs;Consommation brute (en volume);020.12;Périodicité;Décembre;0.12;Consommation de viande;Viande d'équidés;1.1.5;2.589;OUI
CONSOVIANDE;1999;FR;FR - France entière;Groupe d'indicateurs;Consommation brute (en volume);020.12;Périodicité;Août;0.08;Consommation de viande;Viande d'équidés;1.1.5;2.459;OUI
CONSOVIANDE;1999;FR;FR - France entière;Groupe d'indicateurs;Consommation brute (en volume);020.12;Périodicité;Avril;0.04;Consommation de viande;Viande d'équidés;1.1.5;2.528;OUI
CONSOVIANDE;1999;FR;FR - France entière;Groupe d'indicateurs;Consommation brute CVJA (en volume);020.13;Périodicité;Août;0.08;Consommation de viande;Viande d'équidés;1.1.5;2.441;OUI
CONSOVIANDE;1999;FR;FR - France entière;Groupe d'indicateurs;Consommation brute (en volume);020.12;Périodicité;Novembre;0.11;Consommation de viande;Viande d'équidés;1.1.5;2.868;OUI
CONSOVIANDE;1999;FR;FR - France entière;Groupe d'indicateurs;Consommation brute CVJA (en volume);020.13;Périodicité;Juin;0.06;Consommation de viande;Viande d'équidés;1.1.5;2.697;OUI
CONSOVIANDE;1999;FR;FR - France entière;Groupe d'indicateurs;Consommation brute CVJA (en volume);020.13;Périodicité;Avril;0.04;Consommation de viande;Viande d'équidés;1.1.5;2.522;OUI
CONSOVIANDE;1999;FR;FR - France entière;Groupe d'indicateurs;Consommation brute (en volume);020.12;Périodicité;Juillet;0.07;Consommation de viande;Viande d'équidés;1.1.5;2.112;OUI
CONSOVIANDE;1999;FR;FR - France entière;Groupe d'indicateurs;Consommation brute (en volume);020.12;Périodicité;Février;0.02;Consommation de viande;Viande d'équidés;1.1.5;2.395;OUI
CONSOVIANDE;1999;FR;FR - France entière;Groupe d'indicateurs;Consommation brute CVJA (en volume);020.13;Périodicité;Juillet;0.07;Consommation de viande;Viande d'équidés;1.1.5;2.106;OUI
CONSOVIANDE;1999;FR;FR - France entière;Groupe d'indicateurs;Consommation brute CVJA (en volume);020.13;Périodicité;Janvier;0.01;Consommation de viande;Viande d'équidés;1.1.5;2.655;OUI
CONSOVIANDE;1999;FR;FR - France entière;Groupe d'indicateurs;Consommation brute (en volume);020.12;Périodicité;Janvier;0.01;Consommation de viande;Viande d'équidés;1.1.5;2.592;OUI
CONSOVIANDE;1999;FR;FR - France entière;Groupe d'indicateurs;Consommation brute (en volume);020.12;Périodicité;Mars;0.03;Consommation de viande;Autres espèces de viande;1.1.6;7.369;OUI
CONSOVIANDE;1999;FR;FR - France entière;Groupe d'indicateurs;Consommation brute CVJA (en volume);020.13;Périodicité;Total annuel;0;Consommation de viande;Autres espèces de viande;1.1.6;13.808;OUI
CONSOVIANDE;1999;FR;FR - France entière;Groupe d'indicateurs;Consommation brute CVJA (en volume);020.13;Périodicité;Janvier;0.01;Consommation de viande;Autres espèces de viande;1.1.6;1.078;OUI
CONSOVIANDE;1999;FR;FR - France entière;Groupe d'indicateurs;Consommation brute (en volume);020.12;Périodicité;Octobre;0.10;Consommation de viande;Autres espèces de viande;1.1.6;6.896;OUI
CONSOVIANDE;1999;FR;FR - France entière;Groupe d'indicateurs;Consommation brute (en volume);020.12;Périodicité;Août;0.08;Consommation de viande;Autres espèces de viande;1.1.6;6.768;OUI
CONSOVIANDE;1999;FR;FR - France entière;Groupe d'indicateurs;Consommation brute (en volume);020.12;Périodicité;Avril;0.04;Consommation de viande;Autres espèces de viande;1.1.6;6.364;OUI
CONSOVIANDE;1999;FR;FR - France entière;Groupe d'indicateurs;Consommation brute (en volume);020.12;Périodicité;Novembre;0.11;Consommation de viande;Autres espèces de viande;1.1.6;6.791;OUI
CONSOVIANDE;1999;FR;FR - France entière;Groupe d'indicateurs;Consommation brute CVJA (en volume);020.13;Périodicité;Février;0.02;Consommation de viande;Autres espèces de viande;1.1.6;0.632;OUI
CONSOVIANDE;1999;FR;FR - France entière;Groupe d'indicateurs;Consommation brute CVJA (en volume);020.13;Périodicité;Septembre;0.09;Consommation de viande;Autres espèces de viande;1.1.6;1.412;OUI
CONSOVIANDE;1999;FR;FR - France entière;Groupe d'indicateurs;Consommation brute CVJA (en volume);020.13;Périodicité;Octobre;0.10;Consommation de viande;Autres espèces de viande;1.1.6;1.317;OUI
CONSOVIANDE;1999;FR;FR - France entière;Groupe d'indicateurs;Consommation brute (en volume);020.12;Périodicité;Juin;0.06;Consommation de viande;Autres espèces de viande;1.1.6;6.619;OUI
CONSOVIANDE;1999;FR;FR - France entière;Groupe d'indicateurs;Consommation brute (en volume);020.12;Périodicité;Mai;0.05;Consommation de viande;Autres espèces de viande;1.1.6;6.53;OUI
CONSOVIANDE;1999;FR;FR - France entière;Groupe d'indicateurs;Consommation brute (en volume);020.12;Périodicité;Janvier;0.01;Consommation de viande;Autres espèces de viande;1.1.6;6.876;OUI
CONSOVIANDE;1999;FR;FR - France entière;Groupe d'indicateurs;Consommation brute CVJA (en volume);020.13;Périodicité;Juillet;0.07;Consommation de viande;Autres espèces de viande;1.1.6;1.281;OUI
CONSOVIANDE;1999;FR;FR - France entière;Groupe d'indicateurs;Consommation brute CVJA (en volume);020.13;Périodicité;Novembre;0.11;Consommation de viande;Autres espèces de viande;1.1.6;1.315;OUI
CONSOVIANDE;1999;FR;FR - France entière;Groupe d'indicateurs;Consommation brute CVJA (en volume);020.13;Périodicité;Avril;0.04;Consommation de viande;Autres espèces de viande;1.1.6;0.791;OUI
CONSOVIANDE;1999;FR;FR - France entière;Groupe d'indicateurs;Consommation brute CVJA (en volume);020.13;Périodicité;Décembre;0.12;Consommation de viande;Autres espèces de viande;1.1.6;1.597;OUI
CONSOVIANDE;1999;FR;FR - France entière;Groupe d'indicateurs;Consommation brute (en volume);020.12;Périodicité;Septembre;0.09;Consommation de viande;Autres espèces de viande;1.1.6;7.171;OUI
CONSOVIANDE;1999;FR;FR - France entière;Groupe d'indicateurs;Consommation brute CVJA (en volume);020.13;Périodicité;Mars;0.03;Consommation de viande;Autres espèces de viande;1.1.6;0.892;OUI
CONSOVIANDE;1999;FR;FR - France entière;Groupe d'indicateurs;Consommation brute CVJA (en volume);020.13;Périodicité;Août;0.08;Consommation de viande;Autres espèces de viande;1.1.6;1.317;OUI
CONSOVIANDE;1999;FR;FR - France entière;Groupe d'indicateurs;Consommation brute CVJA (en volume);020.13;Périodicité;Mai;0.05;Consommation de viande;Autres espèces de viande;1.1.6;1.072;OUI
CONSOVIANDE;1999;FR;FR - France entière;Groupe d'indicateurs;Consommation brute (en volume);020.12;Périodicité;Février;0.02;Consommation de viande;Autres espèces de viande;1.1.6;5.836;OUI
CONSOVIANDE;1999;FR;FR - France entière;Groupe d'indicateurs;Consommation brute (en volume);020.12;Périodicité;Total annuel;0;Consommation de viande;Autres espèces de viande;1.1.6;81.63;OUI
CONSOVIANDE;1999;FR;FR - France entière;Groupe d'indicateurs;Consommation brute (en volume);020.12;Périodicité;Juillet;0.07;Consommation de viande;Autres espèces de viande;1.1.6;6.305;OUI
CONSOVIANDE;1999;FR;FR - France entière;Groupe d'indicateurs;Consommation brute (en volume);020.12;Périodicité;Décembre;0.12;Consommation de viande;Autres espèces de viande;1.1.6;8.105;OUI
CONSOVIANDE;1999;FR;FR - France entière;Groupe d'indicateurs;Consommation brute CVJA (en volume);020.13;Périodicité;Juin;0.06;Consommation de viande;Autres espèces de viande;1.1.6;1.104;OUI
CONSOVIANDE;1999;FR;FR - France entière;Groupe d'indicateurs;Consommation brute CVJA (en volume);020.13;Périodicité;Mai;0.05;Consommation de viande;Viande de volailles de chair (n.c. petites espèces);1.2;105.64;OUI
CONSOVIANDE;1999;FR;FR - France entière;Groupe d'indicateurs;Consommation brute CVJA (en volume);020.13;Périodicité;Octobre;0.10;Consommation de viande;Viande de volailles de chair (n.c. petites espèces);1.2;98.09;OUI
CONSOVIANDE;1999;FR;FR - France entière;Groupe d'indicateurs;Consommation brute CVJA (en volume);020.13;Périodicité;Décembre;0.12;Consommation de viande;Viande de volailles de chair (n.c. petites espèces);1.2;103.318;OUI
CONSOVIANDE;1999;FR;FR - France entière;Groupe d'indicateurs;Consommation brute (en volume);020.12;Périodicité;Juin;0.06;Consommation de viande;Viande de volailles de chair (n.c. petites espèces);1.2;114.494;OUI
CONSOVIANDE;1999;FR;FR - France entière;Groupe d'indicateurs;Consommation brute (en volume);020.12;Périodicité;Mai;0.05;Consommation de viande;Viande de volailles de chair (n.c. petites espèces);1.2;101.034;OUI
CONSOVIANDE;1999;FR;FR - France entière;Groupe d'indicateurs;Consommation brute CVJA (en volume);020.13;Périodicité;Juillet;0.07;Consommation de viande;Viande de volailles de chair (n.c. petites espèces);1.2;93.884;OUI
CONSOVIANDE;1999;FR;FR - France entière;Groupe d'indicateurs;Consommation brute (en volume);020.12;Périodicité;Novembre;0.11;Consommation de viande;Viande de volailles de chair (n.c. petites espèces);1.2;92.923;OUI
CONSOVIANDE;1999;FR;FR - France entière;Groupe d'indicateurs;Consommation brute (en volume);020.12;Périodicité;Mars;0.03;Consommation de viande;Viande de volailles de chair (n.c. petites espèces);1.2;125.227;OUI
CONSOVIANDE;1999;FR;FR - France entière;Groupe d'indicateurs;Consommation brute (en volume);020.12;Périodicité;Avril;0.04;Consommation de viande;Viande de volailles de chair (n.c. petites espèces);1.2;105.578;OUI
CONSOVIANDE;1999;FR;FR - France entière;Groupe d'indicateurs;Consommation brute CVJA (en volume);020.13;Périodicité;Février;0.02;Consommation de viande;Viande de volailles de chair (n.c. petites espèces);1.2;105.923;OUI
CONSOVIANDE;1999;FR;FR - France entière;Groupe d'indicateurs;Consommation brute (en volume);020.12;Périodicité;Juillet;0.07;Consommation de viande;Viande de volailles de chair (n.c. petites espèces);1.2;96.042;OUI
CONSOVIANDE;1999;FR;FR - France entière;Groupe d'indicateurs;Consommation brute CVJA (en volume);020.13;Périodicité;Total annuel;0;Consommation de viande;Viande de volailles de chair (n.c. petites espèces);1.2;1238.842;OUI
CONSOVIANDE;1999;FR;FR - France entière;Groupe d'indicateurs;Consommation brute (en volume);020.12;Périodicité;Octobre;0.10;Consommation de viande;Viande de volailles de chair (n.c. petites espèces);1.2;93.942;OUI
CONSOVIANDE;1999;FR;FR - France entière;Groupe d'indicateurs;Consommation brute (en volume);020.12;Périodicité;Total annuel;0;Consommation de viande;Viande de volailles de chair (n.c. petites espèces);1.2;1238.762;OUI
CONSOVIANDE;1999;FR;FR - France entière;Groupe d'indicateurs;Consommation brute CVJA (en volume);020.13;Périodicité;Avril;0.04;Consommation de viande;Viande de volailles de chair (n.c. petites espèces);1.2;103.201;OUI
CONSOVIANDE;1999;FR;FR - France entière;Groupe d'indicateurs;Consommation brute (en volume);020.12;Périodicité;Septembre;0.09;Consommation de viande;Viande de volailles de chair (n.c. petites espèces);1.2;105.197;OUI
CONSOVIANDE;1999;FR;FR - France entière;Groupe d'indicateurs;Consommation brute CVJA (en volume);020.13;Périodicité;Juin;0.06;Consommation de viande;Viande de volailles de chair (n.c. petites espèces);1.2;112.593;OUI
CONSOVIANDE;1999;FR;FR - France entière;Groupe d'indicateurs;Consommation brute (en volume);020.12;Périodicité;Février;0.02;Consommation de viande;Viande de volailles de chair (n.c. petites espèces);1.2;94.04;OUI
CONSOVIANDE;1999;FR;FR - France entière;Groupe d'indicateurs;Consommation brute (en volume);020.12;Périodicité;Décembre;0.12;Consommation de viande;Viande de volailles de chair (n.c. petites espèces);1.2;113.16;OUI
CONSOVIANDE;1999;FR;FR - France entière;Groupe d'indicateurs;Consommation brute CVJA (en volume);020.13;Périodicité;Septembre;0.09;Consommation de viande;Viande de volailles de chair (n.c. petites espèces);1.2;103.595;OUI
CONSOVIANDE;1999;FR;FR - France entière;Groupe d'indicateurs;Consommation brute (en volume);020.12;Périodicité;Août;0.08;Consommation de viande;Viande de volailles de chair (n.c. petites espèces);1.2;97.533;OUI
CONSOVIANDE;1999;FR;FR - France entière;Groupe d'indicateurs;Consommation brute CVJA (en volume);020.13;Périodicité;Janvier;0.01;Consommation de viande;Viande de volailles de chair (n.c. petites espèces);1.2;111.087;OUI
CONSOVIANDE;1999;FR;FR - France entière;Groupe d'indicateurs;Consommation brute (en volume);020.12;Périodicité;Janvier;0.01;Consommation de viande;Viande de volailles de chair (n.c. petites espèces);1.2;99.592;OUI
CONSOVIANDE;1999;FR;FR - France entière;Groupe d'indicateurs;Consommation brute CVJA (en volume);020.13;Périodicité;Mars;0.03;Consommation de viande;Viande de volailles de chair (n.c. petites espèces);1.2;114.248;OUI
CONSOVIANDE;1999;FR;FR - France entière;Groupe d'indicateurs;Consommation brute CVJA (en volume);020.13;Périodicité;Novembre;0.11;Consommation de viande;Viande de volailles de chair (n.c. petites espèces);1.2;92.012;OUI
CONSOVIANDE;1999;FR;FR - France entière;Groupe d'indicateurs;Consommation brute CVJA (en volume);020.13;Périodicité;Août;0.08;Consommation de viande;Viande de volailles de chair (n.c. petites espèces);1.2;95.251;OUI
CONSOVIANDE;1999;FR;FR - France entière;Groupe d'indicateurs;Consommation brute (en volume);020.12;Périodicité;Octobre;0.10;Consommation de viande;viande de gallus;1.2.1;46.804;OUI
CONSOVIANDE;1999;FR;FR - France entière;Groupe d'indicateurs;Consommation brute (en volume);020.12;Périodicité;Total annuel;0;Consommation de viande;viande de gallus;1.2.1;666.243;OUI
CONSOVIANDE;1999;FR;FR - France entière;Groupe d'indicateurs;Consommation brute (en volume);020.12;Périodicité;Août;0.08;Consommation de viande;viande de gallus;1.2.1;52.264;OUI
CONSOVIANDE;1999;FR;FR - France entière;Groupe d'indicateurs;Consommation brute CVJA (en volume);020.13;Périodicité;Février;0.02;Consommation de viande;viande de gallus;1.2.1;56.963;OUI
CONSOVIANDE;1999;FR;FR - France entière;Groupe d'indicateurs;Consommation brute CVJA (en volume);020.13;Périodicité;Octobre;0.10;Consommation de viande;viande de gallus;1.2.1;48.575;OUI
CONSOVIANDE;1999;FR;FR - France entière;Groupe d'indicateurs;Consommation brute (en volume);020.12;Périodicité;Janvier;0.01;Consommation de viande;viande de gallus;1.2.1;56.558;OUI
CONSOVIANDE;1999;FR;FR - France entière;Groupe d'indicateurs;Consommation brute (en volume);020.12;Périodicité;Juillet;0.07;Consommation de viande;viande de gallus;1.2.1;50.432;OUI
CONSOVIANDE;1999;FR;FR - France entière;Groupe d'indicateurs;Consommation brute CVJA (en volume);020.13;Périodicité;Décembre;0.12;Consommation de viande;viande de gallus;1.2.1;49.507;OUI
CONSOVIANDE;1999;FR;FR - France entière;Groupe d'indicateurs;Consommation brute CVJA (en volume);020.13;Périodicité;Avril;0.04;Consommation de viande;viande de gallus;1.2.1;56.986;OUI
CONSOVIANDE;1999;FR;FR - France entière;Groupe d'indicateurs;Consommation brute CVJA (en volume);020.13;Périodicité;Mars;0.03;Consommation de viande;viande de gallus;1.2.1;64.38;OUI
CONSOVIANDE;1999;FR;FR - France entière;Groupe d'indicateurs;Consommation brute CVJA (en volume);020.13;Périodicité;Janvier;0.01;Consommation de viande;viande de gallus;1.2.1;62.848;OUI
CONSOVIANDE;1999;FR;FR - France entière;Groupe d'indicateurs;Consommation brute CVJA (en volume);020.13;Périodicité;Mai;0.05;Consommation de viande;viande de gallus;1.2.1;55.802;OUI
CONSOVIANDE;1999;FR;FR - France entière;Groupe d'indicateurs;Consommation brute CVJA (en volume);020.13;Périodicité;Novembre;0.11;Consommation de viande;viande de gallus;1.2.1;50.947;OUI
CONSOVIANDE;1999;FR;FR - France entière;Groupe d'indicateurs;Consommation brute (en volume);020.12;Périodicité;Novembre;0.11;Consommation de viande;viande de gallus;1.2.1;50.947;OUI
CONSOVIANDE;1999;FR;FR - France entière;Groupe d'indicateurs;Consommation brute (en volume);020.12;Périodicité;Septembre;0.09;Consommation de viande;viande de gallus;1.2.1;58.914;OUI
CONSOVIANDE;1999;FR;FR - France entière;Groupe d'indicateurs;Consommation brute (en volume);020.12;Périodicité;Juin;0.06;Consommation de viande;viande de gallus;1.2.1;63.235;OUI
CONSOVIANDE;1999;FR;FR - France entière;Groupe d'indicateurs;Consommation brute (en volume);020.12;Périodicité;Décembre;0.12;Consommation de viande;viande de gallus;1.2.1;54.342;OUI
CONSOVIANDE;1999;FR;FR - France entière;Groupe d'indicateurs;Consommation brute (en volume);020.12;Périodicité;Février;0.02;Consommation de viande;viande de gallus;1.2.1;50.33;OUI
CONSOVIANDE;1999;FR;FR - France entière;Groupe d'indicateurs;Consommation brute CVJA (en volume);020.13;Périodicité;Total annuel;0;Consommation de viande;viande de gallus;1.2.1;666.622;OUI
CONSOVIANDE;1999;FR;FR - France entière;Groupe d'indicateurs;Consommation brute (en volume);020.12;Périodicité;Avril;0.04;Consommation de viande;viande de gallus;1.2.1;58.782;OUI
CONSOVIANDE;1999;FR;FR - France entière;Groupe d'indicateurs;Consommation brute CVJA (en volume);020.13;Périodicité;Septembre;0.09;Consommation de viande;viande de gallus;1.2.1;58.032;OUI
CONSOVIANDE;1999;FR;FR - France entière;Groupe d'indicateurs;Consommation brute CVJA (en volume);020.13;Périodicité;Juillet;0.07;Consommation de viande;viande de gallus;1.2.1;48.837;OUI
CONSOVIANDE;1999;FR;FR - France entière;Groupe d'indicateurs;Consommation brute (en volume);020.12;Périodicité;Mars;0.03;Consommation de viande;viande de gallus;1.2.1;70.44;OUI
CONSOVIANDE;1999;FR;FR - France entière;Groupe d'indicateurs;Consommation brute CVJA (en volume);020.13;Périodicité;Juin;0.06;Consommation de viande;viande de gallus;1.2.1;62.279;OUI
CONSOVIANDE;1999;FR;FR - France entière;Groupe d'indicateurs;Consommation brute CVJA (en volume);020.13;Périodicité;Août;0.08;Consommation de viande;viande de gallus;1.2.1;51.466;OUI
CONSOVIANDE;1999;FR;FR - France entière;Groupe d'indicateurs;Consommation brute (en volume);020.12;Périodicité;Mai;0.05;Consommation de viande;viande de gallus;1.2.1;53.195;OUI
CONSOVIANDE;1999;FR;FR - France entière;Groupe d'indicateurs;Consommation brute CVJA (en volume);020.13;Périodicité;Septembre;0.09;Consommation de viande;viande de dinde;1.2.2;29.001;OUI
CONSOVIANDE;1999;FR;FR - France entière;Groupe d'indicateurs;Consommation brute CVJA (en volume);020.13;Périodicité;Janvier;0.01;Consommation de viande;viande de dinde;1.2.2;32.468;OUI
CONSOVIANDE;1999;FR;FR - France entière;Groupe d'indicateurs;Consommation brute (en volume);020.12;Périodicité;Avril;0.04;Consommation de viande;viande de dinde;1.2.2;31.16;OUI
CONSOVIANDE;1999;FR;FR - France entière;Groupe d'indicateurs;Consommation brute (en volume);020.12;Périodicité;Octobre;0.10;Consommation de viande;viande de dinde;1.2.2;30.158;OUI
CONSOVIANDE;1999;FR;FR - France entière;Groupe d'indicateurs;Consommation brute (en volume);020.12;Périodicité;Juillet;0.07;Consommation de viande;viande de dinde;1.2.2;30.827;OUI
CONSOVIANDE;1999;FR;FR - France entière;Groupe d'indicateurs;Consommation brute (en volume);020.12;Périodicité;Janvier;0.01;Consommation de viande;viande de dinde;1.2.2;28.347;OUI
CONSOVIANDE;1999;FR;FR - France entière;Groupe d'indicateurs;Consommation brute CVJA (en volume);020.13;Périodicité;Février;0.02;Consommation de viande;viande de dinde;1.2.2;31.92;OUI
CONSOVIANDE;1999;FR;FR - France entière;Groupe d'indicateurs;Consommation brute (en volume);020.12;Périodicité;Août;0.08;Consommation de viande;viande de dinde;1.2.2;31.626;OUI
CONSOVIANDE;1999;FR;FR - France entière;Groupe d'indicateurs;Consommation brute CVJA (en volume);020.13;Périodicité;Juin;0.06;Consommation de viande;viande de dinde;1.2.2;33.628;OUI
CONSOVIANDE;1999;FR;FR - France entière;Groupe d'indicateurs;Consommation brute (en volume);020.12;Périodicité;Septembre;0.09;Consommation de viande;viande de dinde;1.2.2;29.55;OUI
CONSOVIANDE;1999;FR;FR - France entière;Groupe d'indicateurs;Consommation brute CVJA (en volume);020.13;Périodicité;Novembre;0.11;Consommation de viande;viande de dinde;1.2.2;23.794;OUI
CONSOVIANDE;1999;FR;FR - France entière;Groupe d'indicateurs;Consommation brute CVJA (en volume);020.13;Périodicité;Total annuel;0;Consommation de viande;viande de dinde;1.2.2;369.512;OUI
CONSOVIANDE;1999;FR;FR - France entière;Groupe d'indicateurs;Consommation brute CVJA (en volume);020.13;Périodicité;Mars;0.03;Consommation de viande;viande de dinde;1.2.2;31.084;OUI
CONSOVIANDE;1999;FR;FR - France entière;Groupe d'indicateurs;Consommation brute (en volume);020.12;Périodicité;Total annuel;0;Consommation de viande;viande de dinde;1.2.2;369.365;OUI
CONSOVIANDE;1999;FR;FR - France entière;Groupe d'indicateurs;Consommation brute (en volume);020.12;Périodicité;Mars;0.03;Consommation de viande;viande de dinde;1.2.2;34.708;OUI
CONSOVIANDE;1999;FR;FR - France entière;Groupe d'indicateurs;Consommation brute CVJA (en volume);020.13;Périodicité;Août;0.08;Consommation de viande;viande de dinde;1.2.2;30.556;OUI
CONSOVIANDE;1999;FR;FR - France entière;Groupe d'indicateurs;Consommation brute (en volume);020.12;Périodicité;Novembre;0.11;Consommation de viande;viande de dinde;1.2.2;24.329;OUI
CONSOVIANDE;1999;FR;FR - France entière;Groupe d'indicateurs;Consommation brute CVJA (en volume);020.13;Périodicité;Mai;0.05;Consommation de viande;viande de dinde;1.2.2;33.716;OUI
CONSOVIANDE;1999;FR;FR - France entière;Groupe d'indicateurs;Consommation brute (en volume);020.12;Périodicité;Juin;0.06;Consommation de viande;viande de dinde;1.2.2;34.236;OUI
CONSOVIANDE;1999;FR;FR - France entière;Groupe d'indicateurs;Consommation brute (en volume);020.12;Périodicité;Février;0.02;Consommation de viande;viande de dinde;1.2.2;27.853;OUI
CONSOVIANDE;1999;FR;FR - France entière;Groupe d'indicateurs;Consommation brute CVJA (en volume);020.13;Périodicité;Avril;0.04;Consommation de viande;viande de dinde;1.2.2;30.578;OUI
CONSOVIANDE;1999;FR;FR - France entière;Groupe d'indicateurs;Consommation brute (en volume);020.12;Périodicité;Mai;0.05;Consommation de viande;viande de dinde;1.2.2;32.021;OUI
CONSOVIANDE;1999;FR;FR - France entière;Groupe d'indicateurs;Consommation brute CVJA (en volume);020.13;Périodicité;Décembre;0.12;Consommation de viande;viande de dinde;1.2.2;30.708;OUI
CONSOVIANDE;1999;FR;FR - France entière;Groupe d'indicateurs;Consommation brute CVJA (en volume);020.13;Périodicité;Juillet;0.07;Consommation de viande;viande de dinde;1.2.2;30.264;OUI
CONSOVIANDE;1999;FR;FR - France entière;Groupe d'indicateurs;Consommation brute (en volume);020.12;Périodicité;Décembre;0.12;Consommation de viande;viande de dinde;1.2.2;34.55;OUI
CONSOVIANDE;1999;FR;FR - France entière;Groupe d'indicateurs;Consommation brute CVJA (en volume);020.13;Périodicité;Octobre;0.10;Consommation de viande;viande de dinde;1.2.2;31.795;OUI
CONSOVIANDE;1999;FR;FR - France entière;Groupe d'indicateurs;Consommation brute (en volume);020.12;Périodicité;Total annuel;0;Consommation de viande;viande de canard;1.2.3;158.099;OUI
CONSOVIANDE;1999;FR;FR - France entière;Groupe d'indicateurs;Consommation brute (en volume);020.12;Périodicité;Décembre;0.12;Consommation de viande;viande de canard;1.2.3;18.053;OUI
CONSOVIANDE;1999;FR;FR - France entière;Groupe d'indicateurs;Consommation brute CVJA (en volume);020.13;Périodicité;Avril;0.04;Consommation de viande;viande de canard;1.2.3;12.201;OUI
CONSOVIANDE;1999;FR;FR - France entière;Groupe d'indicateurs;Consommation brute CVJA (en volume);020.13;Périodicité;Mai;0.05;Consommation de viande;viande de canard;1.2.3;12.605;OUI
CONSOVIANDE;1999;FR;FR - France entière;Groupe d'indicateurs;Consommation brute (en volume);020.12;Périodicité;Octobre;0.10;Consommation de viande;viande de canard;1.2.3;13.198;OUI
CONSOVIANDE;1999;FR;FR - France entière;Groupe d'indicateurs;Consommation brute CVJA (en volume);020.13;Périodicité;Juin;0.06;Consommation de viande;viande de canard;1.2.3;13.541;OUI
CONSOVIANDE;1999;FR;FR - France entière;Groupe d'indicateurs;Consommation brute (en volume);020.12;Périodicité;Janvier;0.01;Consommation de viande;viande de canard;1.2.3;11.353;OUI
CONSOVIANDE;1999;FR;FR - France entière;Groupe d'indicateurs;Consommation brute CVJA (en volume);020.13;Périodicité;Total annuel;0;Consommation de viande;viande de canard;1.2.3;157.657;OUI
CONSOVIANDE;1999;FR;FR - France entière;Groupe d'indicateurs;Consommation brute (en volume);020.12;Périodicité;Mars;0.03;Consommation de viande;viande de canard;1.2.3;15.502;OUI
CONSOVIANDE;1999;FR;FR - France entière;Groupe d'indicateurs;Consommation brute (en volume);020.12;Périodicité;Septembre;0.09;Consommation de viande;viande de canard;1.2.3;12.782;OUI
CONSOVIANDE;1999;FR;FR - France entière;Groupe d'indicateurs;Consommation brute CVJA (en volume);020.13;Périodicité;Août;0.08;Consommation de viande;viande de canard;1.2.3;10.276;OUI
CONSOVIANDE;1999;FR;FR - France entière;Groupe d'indicateurs;Consommation brute CVJA (en volume);020.13;Périodicité;Mars;0.03;Consommation de viande;viande de canard;1.2.3;14.208;OUI
CONSOVIANDE;1999;FR;FR - France entière;Groupe d'indicateurs;Consommation brute CVJA (en volume);020.13;Périodicité;Juillet;0.07;Consommation de viande;viande de canard;1.2.3;11.898;OUI
CONSOVIANDE;1999;FR;FR - France entière;Groupe d'indicateurs;Consommation brute (en volume);020.12;Périodicité;Avril;0.04;Consommation de viande;viande de canard;1.2.3;12.201;OUI
CONSOVIANDE;1999;FR;FR - France entière;Groupe d'indicateurs;Consommation brute (en volume);020.12;Périodicité;Juillet;0.07;Consommation de viande;viande de canard;1.2.3;11.898;OUI
CONSOVIANDE;1999;FR;FR - France entière;Groupe d'indicateurs;Consommation brute CVJA (en volume);020.13;Périodicité;Janvier;0.01;Consommation de viande;viande de canard;1.2.3;12.438;OUI
CONSOVIANDE;1999;FR;FR - France entière;Groupe d'indicateurs;Consommation brute (en volume);020.12;Périodicité;Novembre;0.11;Consommation de viande;viande de canard;1.2.3;13.679;OUI
CONSOVIANDE;1999;FR;FR - France entière;Groupe d'indicateurs;Consommation brute CVJA (en volume);020.13;Périodicité;Décembre;0.12;Consommation de viande;viande de canard;1.2.3;16.889;OUI
CONSOVIANDE;1999;FR;FR - France entière;Groupe d'indicateurs;Consommation brute CVJA (en volume);020.13;Périodicité;Octobre;0.10;Consommation de viande;viande de canard;1.2.3;13.938;OUI
CONSOVIANDE;1999;FR;FR - France entière;Groupe d'indicateurs;Consommation brute (en volume);020.12;Périodicité;Juin;0.06;Consommation de viande;viande de canard;1.2.3;13.879;OUI
CONSOVIANDE;1999;FR;FR - France entière;Groupe d'indicateurs;Consommation brute CVJA (en volume);020.13;Périodicité;Septembre;0.09;Consommation de viande;viande de canard;1.2.3;12.611;OUI
CONSOVIANDE;1999;FR;FR - France entière;Groupe d'indicateurs;Consommation brute (en volume);020.12;Périodicité;Mai;0.05;Consommation de viande;viande de canard;1.2.3;12.3;OUI
CONSOVIANDE;1999;FR;FR - France entière;Groupe d'indicateurs;Consommation brute (en volume);020.12;Périodicité;Février;0.02;Consommation de viande;viande de canard;1.2.3;12.566;OUI
CONSOVIANDE;1999;FR;FR - France entière;Groupe d'indicateurs;Consommation brute CVJA (en volume);020.13;Périodicité;Novembre;0.11;Consommation de viande;viande de canard;1.2.3;13.303;OUI
CONSOVIANDE;1999;FR;FR - France entière;Groupe d'indicateurs;Consommation brute CVJA (en volume);020.13;Périodicité;Février;0.02;Consommation de viande;viande de canard;1.2.3;13.749;OUI
CONSOVIANDE;1999;FR;FR - France entière;Groupe d'indicateurs;Consommation brute (en volume);020.12;Périodicité;Août;0.08;Consommation de viande;viande de canard;1.2.3;10.688;OUI
CONSOVIANDE;1999;FR;FR - France entière;Groupe d'indicateurs;Consommation brute (en volume);020.12;Périodicité;Avril;0.04;Consommation de viande;Viande de pintade;1.2.4;3.005;OUI
CONSOVIANDE;1999;FR;FR - France entière;Groupe d'indicateurs;Consommation brute (en volume);020.12;Périodicité;Octobre;0.10;Consommation de viande;Viande de pintade;1.2.4;3.127;OUI
CONSOVIANDE;1999;FR;FR - France entière;Groupe d'indicateurs;Consommation brute CVJA (en volume);020.13;Périodicité;Août;0.08;Consommation de viande;Viande de pintade;1.2.4;2.655;OUI
CONSOVIANDE;1999;FR;FR - France entière;Groupe d'indicateurs;Consommation brute CVJA (en volume);020.13;Périodicité;Février;0.02;Consommation de viande;Viande de pintade;1.2.4;2.86;OUI
CONSOVIANDE;1999;FR;FR - France entière;Groupe d'indicateurs;Consommation brute (en volume);020.12;Périodicité;Juin;0.06;Consommation de viande;Viande de pintade;1.2.4;2.783;OUI
CONSOVIANDE;1999;FR;FR - France entière;Groupe d'indicateurs;Consommation brute CVJA (en volume);020.13;Périodicité;Novembre;0.11;Consommation de viande;Viande de pintade;1.2.4;3.188;OUI
CONSOVIANDE;1999;FR;FR - France entière;Groupe d'indicateurs;Consommation brute CVJA (en volume);020.13;Périodicité;Octobre;0.10;Consommation de viande;Viande de pintade;1.2.4;3.127;OUI
CONSOVIANDE;1999;FR;FR - France entière;Groupe d'indicateurs;Consommation brute (en volume);020.12;Périodicité;Septembre;0.09;Consommation de viande;Viande de pintade;1.2.4;3.394;OUI
CONSOVIANDE;1999;FR;FR - France entière;Groupe d'indicateurs;Consommation brute (en volume);020.12;Périodicité;Janvier;0.01;Consommation de viande;Viande de pintade;1.2.4;2.983;OUI
CONSOVIANDE;1999;FR;FR - France entière;Groupe d'indicateurs;Consommation brute CVJA (en volume);020.13;Périodicité;Juillet;0.07;Consommation de viande;Viande de pintade;1.2.4;2.575;OUI
CONSOVIANDE;1999;FR;FR - France entière;Groupe d'indicateurs;Consommation brute (en volume);020.12;Périodicité;Novembre;0.11;Consommation de viande;Viande de pintade;1.2.4;3.188;OUI
CONSOVIANDE;1999;FR;FR - France entière;Groupe d'indicateurs;Consommation brute CVJA (en volume);020.13;Périodicité;Mars;0.03;Consommation de viande;Viande de pintade;1.2.4;4.007;OUI
CONSOVIANDE;1999;FR;FR - France entière;Groupe d'indicateurs;Consommation brute (en volume);020.12;Périodicité;Décembre;0.12;Consommation de viande;Viande de pintade;1.2.4;4.76;OUI
CONSOVIANDE;1999;FR;FR - France entière;Groupe d'indicateurs;Consommation brute CVJA (en volume);020.13;Périodicité;Septembre;0.09;Consommation de viande;Viande de pintade;1.2.4;3.394;OUI
CONSOVIANDE;1999;FR;FR - France entière;Groupe d'indicateurs;Consommation brute CVJA (en volume);020.13;Périodicité;Avril;0.04;Consommation de viande;Viande de pintade;1.2.4;3.005;OUI
CONSOVIANDE;1999;FR;FR - France entière;Groupe d'indicateurs;Consommation brute (en volume);020.12;Périodicité;Février;0.02;Consommation de viande;Viande de pintade;1.2.4;2.86;OUI
CONSOVIANDE;1999;FR;FR - France entière;Groupe d'indicateurs;Consommation brute (en volume);020.12;Périodicité;Juillet;0.07;Consommation de viande;Viande de pintade;1.2.4;2.575;OUI
CONSOVIANDE;1999;FR;FR - France entière;Groupe d'indicateurs;Consommation brute CVJA (en volume);020.13;Périodicité;Total annuel;0;Consommation de viande;Viande de pintade;1.2.4;38.36;OUI
CONSOVIANDE;1999;FR;FR - France entière;Groupe d'indicateurs;Consommation brute (en volume);020.12;Périodicité;Total annuel;0;Consommation de viande;Viande de pintade;1.2.4;38.36;OUI
CONSOVIANDE;1999;FR;FR - France entière;Groupe d'indicateurs;Consommation brute CVJA (en volume);020.13;Périodicité;Décembre;0.12;Consommation de viande;Viande de pintade;1.2.4;4.76;OUI
CONSOVIANDE;1999;FR;FR - France entière;Groupe d'indicateurs;Consommation brute (en volume);020.12;Périodicité;Août;0.08;Consommation de viande;Viande de pintade;1.2.4;2.655;OUI
CONSOVIANDE;1999;FR;FR - France entière;Groupe d'indicateurs;Consommation brute CVJA (en volume);020.13;Périodicité;Juin;0.06;Consommation de viande;Viande de pintade;1.2.4;2.783;OUI
CONSOVIANDE;1999;FR;FR - France entière;Groupe d'indicateurs;Consommation brute (en volume);020.12;Périodicité;Mai;0.05;Consommation de viande;Viande de pintade;1.2.4;3.023;OUI
CONSOVIANDE;1999;FR;FR - France entière;Groupe d'indicateurs;Consommation brute CVJA (en volume);020.13;Périodicité;Mai;0.05;Consommation de viande;Viande de pintade;1.2.4;3.023;OUI
CONSOVIANDE;1999;FR;FR - France entière;Groupe d'indicateurs;Consommation brute (en volume);020.12;Périodicité;Mars;0.03;Consommation de viande;Viande de pintade;1.2.4;4.007;OUI
CONSOVIANDE;1999;FR;FR - France entière;Groupe d'indicateurs;Consommation brute CVJA (en volume);020.13;Périodicité;Janvier;0.01;Consommation de viande;Viande de pintade;1.2.4;2.983;OUI
CONSOVIANDE;1999;FR;FR - France entière;Groupe d'indicateurs;Consommation brute (en volume);020.12;Périodicité;Décembre;0.12;Consommation de viande;Viande d'oie;1.2.5;1.455;OUI
CONSOVIANDE;1999;FR;FR - France entière;Groupe d'indicateurs;Consommation brute (en volume);020.12;Périodicité;Octobre;0.10;Consommation de viande;Viande d'oie;1.2.5;0.656;OUI
CONSOVIANDE;1999;FR;FR - France entière;Groupe d'indicateurs;Consommation brute CVJA (en volume);020.13;Périodicité;Janvier;0.01;Consommation de viande;Viande d'oie;1.2.5;0.35;OUI
CONSOVIANDE;1999;FR;FR - France entière;Groupe d'indicateurs;Consommation brute (en volume);020.12;Périodicité;Juin;0.06;Consommation de viande;Viande d'oie;1.2.5;0.361;OUI
CONSOVIANDE;1999;FR;FR - France entière;Groupe d'indicateurs;Consommation brute CVJA (en volume);020.13;Périodicité;Février;0.02;Consommation de viande;Viande d'oie;1.2.5;0.431;OUI
CONSOVIANDE;1999;FR;FR - France entière;Groupe d'indicateurs;Consommation brute CVJA (en volume);020.13;Périodicité;Mars;0.03;Consommation de viande;Viande d'oie;1.2.5;0.569;OUI
CONSOVIANDE;1999;FR;FR - France entière;Groupe d'indicateurs;Consommation brute CVJA (en volume);020.13;Périodicité;Avril;0.04;Consommation de viande;Viande d'oie;1.2.5;0.431;OUI
CONSOVIANDE;1999;FR;FR - France entière;Groupe d'indicateurs;Consommation brute CVJA (en volume);020.13;Périodicité;Mai;0.05;Consommation de viande;Viande d'oie;1.2.5;0.495;OUI
CONSOVIANDE;1999;FR;FR - France entière;Groupe d'indicateurs;Consommation brute (en volume);020.12;Périodicité;Mai;0.05;Consommation de viande;Viande d'oie;1.2.5;0.495;OUI
CONSOVIANDE;1999;FR;FR - France entière;Groupe d'indicateurs;Consommation brute CVJA (en volume);020.13;Périodicité;Total annuel;0;Consommation de viande;Viande d'oie;1.2.5;6.694;OUI
CONSOVIANDE;1999;FR;FR - France entière;Groupe d'indicateurs;Consommation brute (en volume);020.12;Périodicité;Total annuel;0;Consommation de viande;Viande d'oie;1.2.5;6.694;OUI
CONSOVIANDE;1999;FR;FR - France entière;Groupe d'indicateurs;Consommation brute (en volume);020.12;Périodicité;Mars;0.03;Consommation de viande;Viande d'oie;1.2.5;0.569;OUI
CONSOVIANDE;1999;FR;FR - France entière;Groupe d'indicateurs;Consommation brute (en volume);020.12;Périodicité;Janvier;0.01;Consommation de viande;Viande d'oie;1.2.5;0.35;OUI
CONSOVIANDE;1999;FR;FR - France entière;Groupe d'indicateurs;Consommation brute (en volume);020.12;Périodicité;Avril;0.04;Consommation de viande;Viande d'oie;1.2.5;0.431;OUI
CONSOVIANDE;1999;FR;FR - France entière;Groupe d'indicateurs;Consommation brute CVJA (en volume);020.13;Périodicité;Décembre;0.12;Consommation de viande;Viande d'oie;1.2.5;1.455;OUI
CONSOVIANDE;1999;FR;FR - France entière;Groupe d'indicateurs;Consommation brute CVJA (en volume);020.13;Périodicité;Novembre;0.11;Consommation de viande;Viande d'oie;1.2.5;0.78;OUI
CONSOVIANDE;1999;FR;FR - France entière;Groupe d'indicateurs;Consommation brute (en volume);020.12;Périodicité;Août;0.08;Consommation de viande;Viande d'oie;1.2.5;0.299;OUI
CONSOVIANDE;1999;FR;FR - France entière;Groupe d'indicateurs;Consommation brute (en volume);020.12;Périodicité;Juillet;0.07;Consommation de viande;Viande d'oie;1.2.5;0.31;OUI
CONSOVIANDE;1999;FR;FR - France entière;Groupe d'indicateurs;Consommation brute (en volume);020.12;Périodicité;Septembre;0.09;Consommation de viande;Viande d'oie;1.2.5;0.557;OUI
CONSOVIANDE;1999;FR;FR - France entière;Groupe d'indicateurs;Consommation brute CVJA (en volume);020.13;Périodicité;Juillet;0.07;Consommation de viande;Viande d'oie;1.2.5;0.31;OUI
CONSOVIANDE;1999;FR;FR - France entière;Groupe d'indicateurs;Consommation brute CVJA (en volume);020.13;Périodicité;Octobre;0.10;Consommation de viande;Viande d'oie;1.2.5;0.656;OUI
CONSOVIANDE;1999;FR;FR - France entière;Groupe d'indicateurs;Consommation brute (en volume);020.12;Périodicité;Février;0.02;Consommation de viande;Viande d'oie;1.2.5;0.431;OUI
CONSOVIANDE;1999;FR;FR - France entière;Groupe d'indicateurs;Consommation brute (en volume);020.12;Périodicité;Novembre;0.11;Consommation de viande;Viande d'oie;1.2.5;0.78;OUI
CONSOVIANDE;1999;FR;FR - France entière;Groupe d'indicateurs;Consommation brute CVJA (en volume);020.13;Périodicité;Septembre;0.09;Consommation de viande;Viande d'oie;1.2.5;0.557;OUI
CONSOVIANDE;1999;FR;FR - France entière;Groupe d'indicateurs;Consommation brute CVJA (en volume);020.13;Périodicité;Juin;0.06;Consommation de viande;Viande d'oie;1.2.5;0.361;OUI
CONSOVIANDE;1999;FR;FR - France entière;Groupe d'indicateurs;Consommation brute CVJA (en volume);020.13;Périodicité;Août;0.08;Consommation de viande;Viande d'oie;1.2.5;0.299;OUI
CONSOVIANDE;1999;FR;FR - France entière;Groupe d'indicateurs;Consommation brute CVJA (en volume);020.13;Périodicité;Janvier;0.01;Consommation de viande;Viande de lapin;1.3;5.777;OUI
CONSOVIANDE;1999;FR;FR - France entière;Groupe d'indicateurs;Consommation brute (en volume);020.12;Périodicité;Décembre;0.12;Consommation de viande;Viande de lapin;1.3;4.544;OUI
CONSOVIANDE;1999;FR;FR - France entière;Groupe d'indicateurs;Consommation brute CVJA (en volume);020.13;Périodicité;Novembre;0.11;Consommation de viande;Viande de lapin;1.3;4.742;OUI
CONSOVIANDE;1999;FR;FR - France entière;Groupe d'indicateurs;Consommation brute CVJA (en volume);020.13;Périodicité;Juin;0.06;Consommation de viande;Viande de lapin;1.3;5.096;OUI
CONSOVIANDE;1999;FR;FR - France entière;Groupe d'indicateurs;Consommation brute CVJA (en volume);020.13;Périodicité;Octobre;0.10;Consommation de viande;Viande de lapin;1.3;4.647;OUI
CONSOVIANDE;1999;FR;FR - France entière;Groupe d'indicateurs;Consommation brute (en volume);020.12;Périodicité;Janvier;0.01;Consommation de viande;Viande de lapin;1.3;5.366;OUI
CONSOVIANDE;1999;FR;FR - France entière;Groupe d'indicateurs;Consommation brute (en volume);020.12;Périodicité;Mai;0.05;Consommation de viande;Viande de lapin;1.3;5.158;OUI
CONSOVIANDE;1999;FR;FR - France entière;Groupe d'indicateurs;Consommation brute CVJA (en volume);020.13;Périodicité;Mai;0.05;Consommation de viande;Viande de lapin;1.3;5.303;OUI
CONSOVIANDE;1999;FR;FR - France entière;Groupe d'indicateurs;Consommation brute (en volume);020.12;Périodicité;Octobre;0.10;Consommation de viande;Viande de lapin;1.3;4.508;OUI
CONSOVIANDE;1999;FR;FR - France entière;Groupe d'indicateurs;Consommation brute CVJA (en volume);020.13;Périodicité;Total annuel;0;Consommation de viande;Viande de lapin;1.3;59.785;OUI
CONSOVIANDE;1999;FR;FR - France entière;Groupe d'indicateurs;Consommation brute (en volume);020.12;Périodicité;Total annuel;0;Consommation de viande;Viande de lapin;1.3;59.68;OUI
CONSOVIANDE;1999;FR;FR - France entière;Groupe d'indicateurs;Consommation brute (en volume);020.12;Périodicité;Février;0.02;Consommation de viande;Viande de lapin;1.3;4.587;OUI
CONSOVIANDE;1999;FR;FR - France entière;Groupe d'indicateurs;Consommation brute (en volume);020.12;Périodicité;Novembre;0.11;Consommation de viande;Viande de lapin;1.3;4.836;OUI
CONSOVIANDE;1999;FR;FR - France entière;Groupe d'indicateurs;Consommation brute CVJA (en volume);020.13;Périodicité;Avril;0.04;Consommation de viande;Viande de lapin;1.3;4.961;OUI
CONSOVIANDE;1999;FR;FR - France entière;Groupe d'indicateurs;Consommation brute (en volume);020.12;Périodicité;Septembre;0.09;Consommation de viande;Viande de lapin;1.3;5.166;OUI
CONSOVIANDE;1999;FR;FR - France entière;Groupe d'indicateurs;Consommation brute (en volume);020.12;Périodicité;Juillet;0.07;Consommation de viande;Viande de lapin;1.3;4.64;OUI
CONSOVIANDE;1999;FR;FR - France entière;Groupe d'indicateurs;Consommation brute CVJA (en volume);020.13;Périodicité;Mars;0.03;Consommation de viande;Viande de lapin;1.3;5.311;OUI
CONSOVIANDE;1999;FR;FR - France entière;Groupe d'indicateurs;Consommation brute CVJA (en volume);020.13;Périodicité;Février;0.02;Consommation de viande;Viande de lapin;1.3;4.948;OUI
CONSOVIANDE;1999;FR;FR - France entière;Groupe d'indicateurs;Consommation brute CVJA (en volume);020.13;Périodicité;Juillet;0.07;Consommation de viande;Viande de lapin;1.3;4.595;OUI
CONSOVIANDE;1999;FR;FR - France entière;Groupe d'indicateurs;Consommation brute CVJA (en volume);020.13;Périodicité;Août;0.08;Consommation de viande;Viande de lapin;1.3;4.985;OUI
CONSOVIANDE;1999;FR;FR - France entière;Groupe d'indicateurs;Consommation brute (en volume);020.12;Périodicité;Avril;0.04;Consommation de viande;Viande de lapin;1.3;5.009;OUI
CONSOVIANDE;1999;FR;FR - France entière;Groupe d'indicateurs;Consommation brute CVJA (en volume);020.13;Périodicité;Décembre;0.12;Consommation de viande;Viande de lapin;1.3;4.305;OUI
CONSOVIANDE;1999;FR;FR - France entière;Groupe d'indicateurs;Consommation brute (en volume);020.12;Périodicité;Août;0.08;Consommation de viande;Viande de lapin;1.3;5.082;OUI
CONSOVIANDE;1999;FR;FR - France entière;Groupe d'indicateurs;Consommation brute (en volume);020.12;Périodicité;Mars;0.03;Consommation de viande;Viande de lapin;1.3;5.639;OUI
CONSOVIANDE;1999;FR;FR - France entière;Groupe d'indicateurs;Consommation brute CVJA (en volume);020.13;Périodicité;Septembre;0.09;Consommation de viande;Viande de lapin;1.3;5.115;OUI
CONSOVIANDE;1999;FR;FR - France entière;Groupe d'indicateurs;Consommation brute (en volume);020.12;Périodicité;Juin;0.06;Consommation de viande;Viande de lapin;1.3;5.145;OUI
